nodeID;first;second
16257516;\t<polygon id=\"16257516\" visited=\";\">\n\t\t<vertex lat=\"8.634514\" lon=\"49.469569\"/>\n\t\t<vertex lat=\"8.589071\" lon=\"49.665389\"/>\n\t\t<vertex lat=\"8.980371\" lon=\"49.790815\"/>\n\t\t<vertex lat=\"9.062455\" lon=\"49.806657\"/>\n\t\t<vertex lat=\"9.089345\" lon=\"49.810373\"/>\n\t\t<vertex lat=\"9.146393\" lon=\"49.573434\"/>\n\t\t<vertex lat=\"8.634514\" lon=\"49.469569\"/>\n\t</polygon>
16541937;\t<polygon id=\"16541937\" visited=\";\">\n\t\t<vertex lat=\"12.274208\" lon=\"51.947373\"/>\n\t\t<vertex lat=\"12.728924\" lon=\"52.361805\"/>\n\t\t<vertex lat=\"13.044029\" lon=\"52.122568\"/>\n\t\t<vertex lat=\"13.149046\" lon=\"51.947088\"/>\n\t\t<vertex lat=\"12.562853\" lon=\"51.761935\"/>\n\t\t<vertex lat=\"12.497060\" lon=\"51.794205\"/>\n\t\t<vertex lat=\"12.338665\" lon=\"51.872335\"/>\n\t\t<vertex lat=\"12.274208\" lon=\"51.947373\"/>\n\t</polygon>
26212850;\t<polygon id=\"26212850\" visited=\";\">\n\t\t<vertex lat=\"8.436304\" lon=\"49.114009\"/>\n\t\t<vertex lat=\"8.601778\" lon=\"48.829096\"/>\n\t\t<vertex lat=\"8.485882\" lon=\"48.736037\"/>\n\t\t<vertex lat=\"8.413960\" lon=\"48.788014\"/>\n\t\t<vertex lat=\"8.269116\" lon=\"48.908394\"/>\n\t\t<vertex lat=\"8.361504\" lon=\"49.120893\"/>\n\t\t<vertex lat=\"8.436304\" lon=\"49.114009\"/>\n\t</polygon>
29093610;\t<polygon id=\"29093610\" visited=\";\">\n\t\t<vertex lat=\"9.160765\" lon=\"50.729292\"/>\n\t\t<vertex lat=\"9.112980\" lon=\"50.522323\"/>\n\t\t<vertex lat=\"8.672947\" lon=\"50.510406\"/>\n\t\t<vertex lat=\"8.621432\" lon=\"50.845645\"/>\n\t\t<vertex lat=\"9.160765\" lon=\"50.729292\"/>\n\t</polygon>
29509712;\t<polygon id=\"29509712\" visited=\";\">\n\t\t<vertex lat=\"10.155887\" lon=\"52.549306\"/>\n\t\t<vertex lat=\"9.204300\" lon=\"52.217368\"/>\n\t\t<vertex lat=\"9.114937\" lon=\"52.374132\"/>\n\t\t<vertex lat=\"9.381686\" lon=\"52.853117\"/>\n\t\t<vertex lat=\"9.609390\" lon=\"53.027836\"/>\n\t\t<vertex lat=\"9.629276\" lon=\"53.026433\"/>\n\t\t<vertex lat=\"10.199600\" lon=\"52.637689\"/>\n\t\t<vertex lat=\"10.155887\" lon=\"52.549306\"/>\n\t</polygon>
31680189;\t<polygon id=\"31680189\" visited=\";\">\n\t\t<vertex lat=\"8.256001\" lon=\"46.806582\"/>\n\t\t<vertex lat=\"8.160133\" lon=\"46.425772\"/>\n\t\t<vertex lat=\"8.064178\" lon=\"46.425772\"/>\n\t\t<vertex lat=\"7.799241\" lon=\"47.906982\"/>\n\t\t<vertex lat=\"7.937834\" lon=\"48.174056\"/>\n\t\t<vertex lat=\"8.177315\" lon=\"48.219751\"/>\n\t\t<vertex lat=\"8.256001\" lon=\"46.806582\"/>\n\t</polygon>
33472665;\t<polygon id=\"33472665\" visited=\";\">\n\t\t<vertex lat=\"9.204300\" lon=\"52.217368\"/>\n\t\t<vertex lat=\"9.205616\" lon=\"52.203709\"/>\n\t\t<vertex lat=\"8.926320\" lon=\"52.030216\"/>\n\t\t<vertex lat=\"8.561781\" lon=\"51.992262\"/>\n\t\t<vertex lat=\"8.415128\" lon=\"52.415970\"/>\n\t\t<vertex lat=\"8.488588\" lon=\"52.570500\"/>\n\t\t<vertex lat=\"8.850099\" lon=\"52.506737\"/>\n\t\t<vertex lat=\"8.874094\" lon=\"52.497439\"/>\n\t\t<vertex lat=\"9.114937\" lon=\"52.374132\"/>\n\t\t<vertex lat=\"9.204300\" lon=\"52.217368\"/>\n\t</polygon>
33677179;\t<polygon id=\"33677179\" visited=\";\">\n\t\t<vertex lat=\"8.269116\" lon=\"48.908394\"/>\n\t\t<vertex lat=\"8.413960\" lon=\"48.788014\"/>\n\t\t<vertex lat=\"7.674845\" lon=\"48.801093\"/>\n\t\t<vertex lat=\"7.584718\" lon=\"48.871756\"/>\n\t\t<vertex lat=\"7.665201\" lon=\"49.054179\"/>\n\t\t<vertex lat=\"7.939685\" lon=\"49.064614\"/>\n\t\t<vertex lat=\"8.269116\" lon=\"48.908394\"/>\n\t</polygon>
35192565;\t<polygon id=\"35192565\" visited=\";\">\n\t\t<vertex lat=\"10.882423\" lon=\"50.457926\"/>\n\t\t<vertex lat=\"10.675125\" lon=\"50.073541\"/>\n\t\t<vertex lat=\"10.325568\" lon=\"49.865004\"/>\n\t\t<vertex lat=\"10.308310\" lon=\"49.869208\"/>\n\t\t<vertex lat=\"10.070016\" lon=\"50.109034\"/>\n\t\t<vertex lat=\"10.026532\" lon=\"50.989791\"/>\n\t\t<vertex lat=\"10.215482\" lon=\"51.084970\"/>\n\t\t<vertex lat=\"10.882423\" lon=\"50.457926\"/>\n\t</polygon>
50876025;\t<polygon id=\"50876025\" visited=\";\">\n\t\t<vertex lat=\"9.154838\" lon=\"49.310345\"/>\n\t\t<vertex lat=\"9.260378\" lon=\"48.985536\"/>\n\t\t<vertex lat=\"9.115823\" lon=\"48.759871\"/>\n\t\t<vertex lat=\"8.880198\" lon=\"49.034894\"/>\n\t\t<vertex lat=\"8.929048\" lon=\"49.129674\"/>\n\t\t<vertex lat=\"8.948522\" lon=\"49.145870\"/>\n\t\t<vertex lat=\"9.154838\" lon=\"49.310345\"/>\n\t</polygon>
51313966;\t<polygon id=\"51313966\" visited=\";\">\n\t\t<vertex lat=\"9.381686\" lon=\"52.853117\"/>\n\t\t<vertex lat=\"9.068002\" lon=\"53.245221\"/>\n\t\t<vertex lat=\"8.978998\" lon=\"53.445935\"/>\n\t\t<vertex lat=\"9.236870\" lon=\"53.991510\"/>\n\t\t<vertex lat=\"9.239822\" lon=\"53.991307\"/>\n\t\t<vertex lat=\"9.609390\" lon=\"53.027836\"/>\n\t\t<vertex lat=\"9.381686\" lon=\"52.853117\"/>\n\t</polygon>
59934327;\t<polygon id=\"59934327\" visited=\";\">\n\t\t<vertex lat=\"11.575748\" lon=\"48.175448\"/>\n\t\t<vertex lat=\"11.559088\" lon=\"48.186828\"/>\n\t\t<vertex lat=\"11.606905\" lon=\"48.235639\"/>\n\t\t<vertex lat=\"11.592721\" lon=\"48.177676\"/>\n\t\t<vertex lat=\"11.575748\" lon=\"48.175448\"/>\n\t</polygon>
76976463;\t<polygon id=\"76976463\" visited=\";\">\n\t\t<vertex lat=\"7.210601\" lon=\"51.050404\"/>\n\t\t<vertex lat=\"7.639184\" lon=\"50.985110\"/>\n\t\t<vertex lat=\"7.705916\" lon=\"50.884318\"/>\n\t\t<vertex lat=\"7.409185\" lon=\"50.599535\"/>\n\t\t<vertex lat=\"7.226294\" lon=\"50.647496\"/>\n\t\t<vertex lat=\"7.068458\" lon=\"50.858031\"/>\n\t\t<vertex lat=\"7.210601\" lon=\"51.050404\"/>\n\t</polygon>
80302168;\t<polygon id=\"80302168\" visited=\";\">\n\t\t<vertex lat=\"9.964980\" lon=\"47.837597\"/>\n\t\t<vertex lat=\"9.542379\" lon=\"46.425772\"/>\n\t\t<vertex lat=\"9.330692\" lon=\"46.425772\"/>\n\t\t<vertex lat=\"9.331952\" lon=\"47.841086\"/>\n\t\t<vertex lat=\"9.964980\" lon=\"47.837597\"/>\n\t</polygon>
121839982;\t<polygon id=\"121839982\" visited=\";\">\n\t\t<vertex lat=\"11.982687\" lon=\"50.837182\"/>\n\t\t<vertex lat=\"12.057451\" lon=\"50.895152\"/>\n\t\t<vertex lat=\"12.692184\" lon=\"50.917180\"/>\n\t\t<vertex lat=\"12.773129\" lon=\"50.726276\"/>\n\t\t<vertex lat=\"12.715328\" lon=\"50.468151\"/>\n\t\t<vertex lat=\"11.989212\" lon=\"50.826896\"/>\n\t\t<vertex lat=\"11.982687\" lon=\"50.837182\"/>\n\t</polygon>
135399597;\t<polygon id=\"135399597\" visited=\";\">\n\t\t<vertex lat=\"11.549025\" lon=\"50.285712\"/>\n\t\t<vertex lat=\"11.349401\" lon=\"49.894880\"/>\n\t\t<vertex lat=\"11.208381\" lon=\"49.829638\"/>\n\t\t<vertex lat=\"10.675125\" lon=\"50.073541\"/>\n\t\t<vertex lat=\"10.882423\" lon=\"50.457926\"/>\n\t\t<vertex lat=\"10.957729\" lon=\"50.508882\"/>\n\t\t<vertex lat=\"11.451240\" lon=\"50.635970\"/>\n\t\t<vertex lat=\"11.549025\" lon=\"50.285712\"/>\n\t</polygon>
146856119;\t<polygon id=\"146856119\" visited=\";\">\n\t\t<vertex lat=\"10.308310\" lon=\"49.869208\"/>\n\t\t<vertex lat=\"9.646243\" lon=\"49.328091\"/>\n\t\t<vertex lat=\"9.214889\" lon=\"49.404487\"/>\n\t\t<vertex lat=\"9.146393\" lon=\"49.573434\"/>\n\t\t<vertex lat=\"9.089345\" lon=\"49.810373\"/>\n\t\t<vertex lat=\"9.092374\" lon=\"49.827184\"/>\n\t\t<vertex lat=\"9.175623\" lon=\"50.045122\"/>\n\t\t<vertex lat=\"9.997268\" lon=\"50.117960\"/>\n\t\t<vertex lat=\"10.070016\" lon=\"50.109034\"/>\n\t\t<vertex lat=\"10.308310\" lon=\"49.869208\"/>\n\t</polygon>
156466833;\t<polygon id=\"156466833\" visited=\";\">\n\t\t<vertex lat=\"12.562853\" lon=\"51.761935\"/>\n\t\t<vertex lat=\"13.149046\" lon=\"51.947088\"/>\n\t\t<vertex lat=\"13.334289\" lon=\"51.909742\"/>\n\t\t<vertex lat=\"13.654414\" lon=\"51.754894\"/>\n\t\t<vertex lat=\"13.309838\" lon=\"51.237682\"/>\n\t\t<vertex lat=\"12.825591\" lon=\"51.233377\"/>\n\t\t<vertex lat=\"12.760439\" lon=\"51.303997\"/>\n\t\t<vertex lat=\"12.657384\" lon=\"51.505140\"/>\n\t\t<vertex lat=\"12.562853\" lon=\"51.761935\"/>\n\t</polygon>
169605343;\t<polygon id=\"169605343\" visited=\";\">\n\t\t<vertex lat=\"8.634514\" lon=\"49.469569\"/>\n\t\t<vertex lat=\"8.627211\" lon=\"49.462223\"/>\n\t\t<vertex lat=\"8.565365\" lon=\"49.410265\"/>\n\t\t<vertex lat=\"8.443447\" lon=\"49.670401\"/>\n\t\t<vertex lat=\"8.589071\" lon=\"49.665389\"/>\n\t\t<vertex lat=\"8.634514\" lon=\"49.469569\"/>\n\t</polygon>
180701515;\t<polygon id=\"180701515\" visited=\";\">\n\t\t<vertex lat=\"10.406992\" lon=\"49.681041\"/>\n\t\t<vertex lat=\"10.494095\" lon=\"49.482963\"/>\n\t\t<vertex lat=\"10.591445\" lon=\"49.143513\"/>\n\t\t<vertex lat=\"9.964862\" lon=\"49.002160\"/>\n\t\t<vertex lat=\"9.776886\" lon=\"48.997850\"/>\n\t\t<vertex lat=\"9.646243\" lon=\"49.328091\"/>\n\t\t<vertex lat=\"10.308310\" lon=\"49.869208\"/>\n\t\t<vertex lat=\"10.325568\" lon=\"49.865004\"/>\n\t\t<vertex lat=\"10.406992\" lon=\"49.681041\"/>\n\t</polygon>
181681861;\t<polygon id=\"181681861\" visited=\";\">\n\t\t<vertex lat=\"6.401257\" lon=\"50.989398\"/>\n\t\t<vertex lat=\"6.536244\" lon=\"50.381930\"/>\n\t\t<vertex lat=\"6.448632\" lon=\"49.990778\"/>\n\t\t<vertex lat=\"6.430445\" lon=\"49.943835\"/>\n\t\t<vertex lat=\"5.087326\" lon=\"49.153847\"/>\n\t\t<vertex lat=\"5.087326\" lon=\"52.113420\"/>\n\t\t<vertex lat=\"6.400319\" lon=\"50.990673\"/>\n\t\t<vertex lat=\"6.401257\" lon=\"50.989398\"/>\n\t</polygon>
198204777;\t<polygon id=\"198204777\" visited=\";\">\n\t\t<vertex lat=\"11.557297\" lon=\"48.186853\"/>\n\t\t<vertex lat=\"11.535542\" lon=\"48.156269\"/>\n\t\t<vertex lat=\"11.526417\" lon=\"48.147951\"/>\n\t\t<vertex lat=\"11.509481\" lon=\"48.139405\"/>\n\t\t<vertex lat=\"11.396188\" lon=\"48.366498\"/>\n\t\t<vertex lat=\"11.396449\" lon=\"48.374014\"/>\n\t\t<vertex lat=\"11.557297\" lon=\"48.186853\"/>\n\t</polygon>
208517141;\t<polygon id=\"208517141\" visited=\";\">\n\t\t<vertex lat=\"8.412640\" lon=\"49.878277\"/>\n\t\t<vertex lat=\"8.311053\" lon=\"49.716079\"/>\n\t\t<vertex lat=\"8.304707\" lon=\"49.713651\"/>\n\t\t<vertex lat=\"8.169440\" lon=\"49.676546\"/>\n\t\t<vertex lat=\"7.708637\" lon=\"49.754709\"/>\n\t\t<vertex lat=\"7.893652\" lon=\"50.105050\"/>\n\t\t<vertex lat=\"8.446523\" lon=\"50.172521\"/>\n\t\t<vertex lat=\"8.462417\" lon=\"50.115843\"/>\n\t\t<vertex lat=\"8.439129\" lon=\"49.963779\"/>\n\t\t<vertex lat=\"8.412640\" lon=\"49.878277\"/>\n\t</polygon>
209151105;\t<polygon id=\"209151105\" visited=\";\">\n\t\t<vertex lat=\"11.396188\" lon=\"48.366498\"/>\n\t\t<vertex lat=\"11.509481\" lon=\"48.139405\"/>\n\t\t<vertex lat=\"11.490577\" lon=\"48.041963\"/>\n\t\t<vertex lat=\"11.285132\" lon=\"47.385858\"/>\n\t\t<vertex lat=\"11.220092\" lon=\"47.534159\"/>\n\t\t<vertex lat=\"11.396188\" lon=\"48.366498\"/>\n\t</polygon>
229719904;\t<polygon id=\"229719904\" visited=\";\">\n\t\t<vertex lat=\"6.820030\" lon=\"51.006619\"/>\n\t\t<vertex lat=\"6.850430\" lon=\"50.688426\"/>\n\t\t<vertex lat=\"6.808808\" lon=\"50.619981\"/>\n\t\t<vertex lat=\"6.536244\" lon=\"50.381930\"/>\n\t\t<vertex lat=\"6.401257\" lon=\"50.989398\"/>\n\t\t<vertex lat=\"6.608877\" lon=\"51.043445\"/>\n\t\t<vertex lat=\"6.765199\" lon=\"51.027737\"/>\n\t\t<vertex lat=\"6.820030\" lon=\"51.006619\"/>\n\t</polygon>
246839416;\t<polygon id=\"246839416\" visited=\";\">\n\t\t<vertex lat=\"9.246404\" lon=\"50.834086\"/>\n\t\t<vertex lat=\"9.232917\" lon=\"50.810016\"/>\n\t\t<vertex lat=\"9.160765\" lon=\"50.729292\"/>\n\t\t<vertex lat=\"8.621432\" lon=\"50.845645\"/>\n\t\t<vertex lat=\"8.363321\" lon=\"50.917125\"/>\n\t\t<vertex lat=\"8.607291\" lon=\"51.339232\"/>\n\t\t<vertex lat=\"8.742708\" lon=\"51.381705\"/>\n\t\t<vertex lat=\"9.037372\" lon=\"51.386152\"/>\n\t\t<vertex lat=\"9.246404\" lon=\"50.834086\"/>\n\t</polygon>
247609458;\t<polygon id=\"247609458\" visited=\";\">\n\t\t<vertex lat=\"9.175623\" lon=\"50.045122\"/>\n\t\t<vertex lat=\"9.092374\" lon=\"49.827184\"/>\n\t\t<vertex lat=\"8.462417\" lon=\"50.115843\"/>\n\t\t<vertex lat=\"8.446523\" lon=\"50.172521\"/>\n\t\t<vertex lat=\"8.487345\" lon=\"50.272406\"/>\n\t\t<vertex lat=\"9.099239\" lon=\"50.282178\"/>\n\t\t<vertex lat=\"9.175623\" lon=\"50.045122\"/>\n\t</polygon>
251315653;\t<polygon id=\"251315653\" visited=\";\">\n\t\t<vertex lat=\"7.019215\" lon=\"51.115335\"/>\n\t\t<vertex lat=\"7.079612\" lon=\"51.149814\"/>\n\t\t<vertex lat=\"7.210601\" lon=\"51.050404\"/>\n\t\t<vertex lat=\"7.068458\" lon=\"50.858031\"/>\n\t\t<vertex lat=\"6.999046\" lon=\"50.814710\"/>\n\t\t<vertex lat=\"6.930212\" lon=\"50.773950\"/>\n\t\t<vertex lat=\"6.924112\" lon=\"51.031826\"/>\n\t\t<vertex lat=\"7.019215\" lon=\"51.115335\"/>\n\t</polygon>
251677828;\t<polygon id=\"251677828\" visited=\";\">\n\t\t<vertex lat=\"10.485043\" lon=\"54.211467\"/>\n\t\t<vertex lat=\"10.263239\" lon=\"53.946768\"/>\n\t\t<vertex lat=\"10.096110\" lon=\"53.938375\"/>\n\t\t<vertex lat=\"9.497393\" lon=\"54.017004\"/>\n\t\t<vertex lat=\"9.439741\" lon=\"54.039503\"/>\n\t\t<vertex lat=\"9.521818\" lon=\"54.173147\"/>\n\t\t<vertex lat=\"9.572307\" lon=\"54.252824\"/>\n\t\t<vertex lat=\"9.576482\" lon=\"54.259100\"/>\n\t\t<vertex lat=\"10.511323\" lon=\"54.746186\"/>\n\t\t<vertex lat=\"10.485043\" lon=\"54.211467\"/>\n\t</polygon>
253075537;\t<polygon id=\"253075537\" visited=\";\">\n\t\t<vertex lat=\"6.930212\" lon=\"50.773950\"/>\n\t\t<vertex lat=\"6.999046\" lon=\"50.814710\"/>\n\t\t<vertex lat=\"7.211606\" lon=\"50.646825\"/>\n\t\t<vertex lat=\"6.808808\" lon=\"50.619981\"/>\n\t\t<vertex lat=\"6.850430\" lon=\"50.688426\"/>\n\t\t<vertex lat=\"6.930212\" lon=\"50.773950\"/>\n\t</polygon>
253398184;\t<polygon id=\"253398184\" visited=\";\">\n\t\t<vertex lat=\"10.158290\" lon=\"53.340688\"/>\n\t\t<vertex lat=\"10.050552\" lon=\"53.491602\"/>\n\t\t<vertex lat=\"10.091190\" lon=\"53.801108\"/>\n\t\t<vertex lat=\"10.158290\" lon=\"53.340688\"/>\n\t</polygon>
253832204;\t<polygon id=\"253832204\" visited=\";\">\n\t\t<vertex lat=\"6.999046\" lon=\"50.814710\"/>\n\t\t<vertex lat=\"7.068458\" lon=\"50.858031\"/>\n\t\t<vertex lat=\"7.226294\" lon=\"50.647496\"/>\n\t\t<vertex lat=\"7.211606\" lon=\"50.646825\"/>\n\t\t<vertex lat=\"6.999046\" lon=\"50.814710\"/>\n\t</polygon>
253853530;\t<polygon id=\"253853530\" visited=\";\">\n\t\t<vertex lat=\"9.751174\" lon=\"48.841985\"/>\n\t\t<vertex lat=\"10.003551\" lon=\"48.619389\"/>\n\t\t<vertex lat=\"9.730905\" lon=\"48.218215\"/>\n\t\t<vertex lat=\"9.539894\" lon=\"48.339546\"/>\n\t\t<vertex lat=\"9.544166\" lon=\"48.481367\"/>\n\t\t<vertex lat=\"9.635821\" lon=\"48.738907\"/>\n\t\t<vertex lat=\"9.751174\" lon=\"48.841985\"/>\n\t</polygon>
253853538;\t<polygon id=\"253853538\" visited=\";\">\n\t\t<vertex lat=\"11.281796\" lon=\"48.862387\"/>\n\t\t<vertex lat=\"11.335166\" lon=\"48.734959\"/>\n\t\t<vertex lat=\"11.334305\" lon=\"48.693534\"/>\n\t\t<vertex lat=\"11.089107\" lon=\"48.315982\"/>\n\t\t<vertex lat=\"10.471056\" lon=\"48.561202\"/>\n\t\t<vertex lat=\"10.711753\" lon=\"48.957573\"/>\n\t\t<vertex lat=\"10.977156\" lon=\"48.931507\"/>\n\t\t<vertex lat=\"11.281796\" lon=\"48.862387\"/>\n\t</polygon>
254352459;\t<polygon id=\"254352459\" visited=\";\">\n\t\t<vertex lat=\"8.741357\" lon=\"48.860307\"/>\n\t\t<vertex lat=\"8.942600\" lon=\"48.469781\"/>\n\t\t<vertex lat=\"8.802979\" lon=\"48.408585\"/>\n\t\t<vertex lat=\"8.402902\" lon=\"48.539269\"/>\n\t\t<vertex lat=\"8.485882\" lon=\"48.736037\"/>\n\t\t<vertex lat=\"8.601778\" lon=\"48.829096\"/>\n\t\t<vertex lat=\"8.737379\" lon=\"48.866499\"/>\n\t\t<vertex lat=\"8.741357\" lon=\"48.860307\"/>\n\t</polygon>
255873654;\t<polygon id=\"255873654\" visited=\";\">\n\t\t<vertex lat=\"12.740177\" lon=\"53.358602\"/>\n\t\t<vertex lat=\"11.539804\" lon=\"53.069724\"/>\n\t\t<vertex lat=\"11.432806\" lon=\"53.778113\"/>\n\t\t<vertex lat=\"11.782128\" lon=\"55.907828\"/>\n\t\t<vertex lat=\"12.160416\" lon=\"55.907828\"/>\n\t\t<vertex lat=\"12.757462\" lon=\"53.552225\"/>\n\t\t<vertex lat=\"12.757880\" lon=\"53.550435\"/>\n\t\t<vertex lat=\"12.791645\" lon=\"53.398004\"/>\n\t\t<vertex lat=\"12.740177\" lon=\"53.358602\"/>\n\t</polygon>
258170398;\t<polygon id=\"258170398\" visited=\";\">\n\t\t<vertex lat=\"11.606905\" lon=\"48.235639\"/>\n\t\t<vertex lat=\"11.559088\" lon=\"48.186828\"/>\n\t\t<vertex lat=\"11.557297\" lon=\"48.186853\"/>\n\t\t<vertex lat=\"11.396449\" lon=\"48.374014\"/>\n\t\t<vertex lat=\"11.384983\" lon=\"48.568864\"/>\n\t\t<vertex lat=\"11.650053\" lon=\"48.307664\"/>\n\t\t<vertex lat=\"11.606905\" lon=\"48.235639\"/>\n\t</polygon>
259817570;\t<polygon id=\"259817570\" visited=\";\">\n\t\t<vertex lat=\"11.549025\" lon=\"50.285712\"/>\n\t\t<vertex lat=\"11.843203\" lon=\"50.055478\"/>\n\t\t<vertex lat=\"11.888870\" lon=\"49.651894\"/>\n\t\t<vertex lat=\"11.349401\" lon=\"49.894880\"/>\n\t\t<vertex lat=\"11.549025\" lon=\"50.285712\"/>\n\t</polygon>
260654672;\t<polygon id=\"260654672\" visited=\";\">\n\t\t<vertex lat=\"11.574580\" lon=\"48.147429\"/>\n\t\t<vertex lat=\"11.569816\" lon=\"48.127520\"/>\n\t\t<vertex lat=\"11.555336\" lon=\"48.140939\"/>\n\t\t<vertex lat=\"11.574580\" lon=\"48.147429\"/>\n\t</polygon>
260654680;\t<polygon id=\"260654680\" visited=\";\">\n\t\t<vertex lat=\"11.577729\" lon=\"48.151104\"/>\n\t\t<vertex lat=\"11.659772\" lon=\"48.117221\"/>\n\t\t<vertex lat=\"11.570529\" lon=\"48.125107\"/>\n\t\t<vertex lat=\"11.569816\" lon=\"48.127520\"/>\n\t\t<vertex lat=\"11.574580\" lon=\"48.147429\"/>\n\t\t<vertex lat=\"11.577729\" lon=\"48.151104\"/>\n\t</polygon>
261026684;\t<polygon id=\"261026684\" visited=\";\">\n\t\t<vertex lat=\"11.555336\" lon=\"48.140939\"/>\n\t\t<vertex lat=\"11.569816\" lon=\"48.127520\"/>\n\t\t<vertex lat=\"11.570529\" lon=\"48.125107\"/>\n\t\t<vertex lat=\"11.490577\" lon=\"48.041963\"/>\n\t\t<vertex lat=\"11.509481\" lon=\"48.139405\"/>\n\t\t<vertex lat=\"11.526417\" lon=\"48.147951\"/>\n\t\t<vertex lat=\"11.555336\" lon=\"48.140939\"/>\n\t</polygon>
261607601;\t<polygon id=\"261607601\" visited=\";\">\n\t\t<vertex lat=\"9.521818\" lon=\"54.173147\"/>\n\t\t<vertex lat=\"9.439741\" lon=\"54.039503\"/>\n\t\t<vertex lat=\"9.239822\" lon=\"53.991307\"/>\n\t\t<vertex lat=\"9.236870\" lon=\"53.991510\"/>\n\t\t<vertex lat=\"8.781443\" lon=\"54.286596\"/>\n\t\t<vertex lat=\"8.979993\" lon=\"55.907828\"/>\n\t\t<vertex lat=\"9.027879\" lon=\"55.907828\"/>\n\t\t<vertex lat=\"9.390972\" lon=\"54.851437\"/>\n\t\t<vertex lat=\"9.521818\" lon=\"54.173147\"/>\n\t</polygon>
262353303;\t<polygon id=\"262353303\" visited=\";\">\n\t\t<vertex lat=\"13.676375\" lon=\"52.667527\"/>\n\t\t<vertex lat=\"15.142938\" lon=\"53.791670\"/>\n\t\t<vertex lat=\"15.425538\" lon=\"53.855069\"/>\n\t\t<vertex lat=\"15.425538\" lon=\"52.865186\"/>\n\t\t<vertex lat=\"13.951287\" lon=\"51.806591\"/>\n\t\t<vertex lat=\"13.686020\" lon=\"51.763195\"/>\n\t\t<vertex lat=\"13.449354\" lon=\"52.422595\"/>\n\t\t<vertex lat=\"13.477965\" lon=\"52.501779\"/>\n\t\t<vertex lat=\"13.676375\" lon=\"52.667527\"/>\n\t</polygon>
262579584;\t<polygon id=\"262579584\" visited=\";\">\n\t\t<vertex lat=\"8.627211\" lon=\"49.462223\"/>\n\t\t<vertex lat=\"8.948522\" lon=\"49.145870\"/>\n\t\t<vertex lat=\"8.929048\" lon=\"49.129674\"/>\n\t\t<vertex lat=\"8.573475\" lon=\"49.290531\"/>\n\t\t<vertex lat=\"8.553086\" lon=\"49.378553\"/>\n\t\t<vertex lat=\"8.565365\" lon=\"49.410265\"/>\n\t\t<vertex lat=\"8.627211\" lon=\"49.462223\"/>\n\t</polygon>
266104465;\t<polygon id=\"266104465\" visited=\";\">\n\t\t<vertex lat=\"8.431938\" lon=\"50.452843\"/>\n\t\t<vertex lat=\"8.487345\" lon=\"50.272406\"/>\n\t\t<vertex lat=\"8.446523\" lon=\"50.172521\"/>\n\t\t<vertex lat=\"7.893652\" lon=\"50.105050\"/>\n\t\t<vertex lat=\"7.954803\" lon=\"50.781469\"/>\n\t\t<vertex lat=\"8.159928\" lon=\"50.828372\"/>\n\t\t<vertex lat=\"8.175995\" lon=\"50.827691\"/>\n\t\t<vertex lat=\"8.431938\" lon=\"50.452843\"/>\n\t</polygon>
267570805;\t<polygon id=\"267570805\" visited=\";\">\n\t\t<vertex lat=\"11.687861\" lon=\"48.109960\"/>\n\t\t<vertex lat=\"11.830509\" lon=\"48.050877\"/>\n\t\t<vertex lat=\"12.464821\" lon=\"47.027228\"/>\n\t\t<vertex lat=\"12.612433\" lon=\"46.425772\"/>\n\t\t<vertex lat=\"12.612433\" lon=\"46.425772\"/>\n\t\t<vertex lat=\"11.626366\" lon=\"46.425772\"/>\n\t\t<vertex lat=\"11.609065\" lon=\"46.458743\"/>\n\t\t<vertex lat=\"11.285132\" lon=\"47.385858\"/>\n\t\t<vertex lat=\"11.490577\" lon=\"48.041963\"/>\n\t\t<vertex lat=\"11.570529\" lon=\"48.125107\"/>\n\t\t<vertex lat=\"11.659772\" lon=\"48.117221\"/>\n\t\t<vertex lat=\"11.687861\" lon=\"48.109960\"/>\n\t</polygon>
267635554;\t<polygon id=\"267635554\" visited=\";\">\n\t\t<vertex lat=\"11.220092\" lon=\"47.534159\"/>\n\t\t<vertex lat=\"11.285132\" lon=\"47.385858\"/>\n\t\t<vertex lat=\"11.609065\" lon=\"46.458743\"/>\n\t\t<vertex lat=\"10.116326\" lon=\"47.910070\"/>\n\t\t<vertex lat=\"10.433871\" lon=\"48.224414\"/>\n\t\t<vertex lat=\"10.926944\" lon=\"47.983557\"/>\n\t\t<vertex lat=\"11.220092\" lon=\"47.534159\"/>\n\t</polygon>
268349133;\t<polygon id=\"268349133\" visited=\";\">\n\t\t<vertex lat=\"8.249448\" lon=\"52.797496\"/>\n\t\t<vertex lat=\"7.753123\" lon=\"52.750246\"/>\n\t\t<vertex lat=\"7.438543\" lon=\"52.920414\"/>\n\t\t<vertex lat=\"5.847969\" lon=\"54.584753\"/>\n\t\t<vertex lat=\"7.958057\" lon=\"54.115555\"/>\n\t\t<vertex lat=\"8.346709\" lon=\"53.183250\"/>\n\t\t<vertex lat=\"8.249448\" lon=\"52.797496\"/>\n\t</polygon>
270844013;\t<polygon id=\"270844013\" visited=\";\">\n\t\t<vertex lat=\"8.670480\" lon=\"51.729392\"/>\n\t\t<vertex lat=\"8.742708\" lon=\"51.381705\"/>\n\t\t<vertex lat=\"8.607291\" lon=\"51.339232\"/>\n\t\t<vertex lat=\"8.306217\" lon=\"51.633133\"/>\n\t\t<vertex lat=\"8.355734\" lon=\"51.675448\"/>\n\t\t<vertex lat=\"8.670480\" lon=\"51.729392\"/>\n\t</polygon>
271428106;\t<polygon id=\"271428106\" visited=\";\">\n\t\t<vertex lat=\"7.512283\" lon=\"52.131963\"/>\n\t\t<vertex lat=\"7.882890\" lon=\"51.689578\"/>\n\t\t<vertex lat=\"7.708374\" lon=\"51.585475\"/>\n\t\t<vertex lat=\"7.556476\" lon=\"51.724161\"/>\n\t\t<vertex lat=\"7.476437\" lon=\"52.112784\"/>\n\t\t<vertex lat=\"7.512283\" lon=\"52.131963\"/>\n\t</polygon>
271666567;\t<polygon id=\"271666567\" visited=\";\">\n\t\t<vertex lat=\"11.606905\" lon=\"48.235639\"/>\n\t\t<vertex lat=\"11.650053\" lon=\"48.307664\"/>\n\t\t<vertex lat=\"11.683835\" lon=\"48.285387\"/>\n\t\t<vertex lat=\"11.771894\" lon=\"48.188935\"/>\n\t\t<vertex lat=\"11.830509\" lon=\"48.050877\"/>\n\t\t<vertex lat=\"11.687861\" lon=\"48.109960\"/>\n\t\t<vertex lat=\"11.592721\" lon=\"48.177676\"/>\n\t\t<vertex lat=\"11.606905\" lon=\"48.235639\"/>\n\t</polygon>
272472911;\t<polygon id=\"272472911\" visited=\";\">\n\t\t<vertex lat=\"10.511323\" lon=\"54.746186\"/>\n\t\t<vertex lat=\"9.576482\" lon=\"54.259100\"/>\n\t\t<vertex lat=\"9.839206\" lon=\"55.312328\"/>\n\t\t<vertex lat=\"9.989971\" lon=\"55.907828\"/>\n\t\t<vertex lat=\"10.965527\" lon=\"55.907828\"/>\n\t\t<vertex lat=\"10.511323\" lon=\"54.746186\"/>\n\t</polygon>
273584085;\t<polygon id=\"273584085\" visited=\";\">\n\t\t<vertex lat=\"7.011843\" lon=\"51.559462\"/>\n\t\t<vertex lat=\"6.939786\" lon=\"51.409649\"/>\n\t\t<vertex lat=\"6.907604\" lon=\"51.501538\"/>\n\t\t<vertex lat=\"7.009373\" lon=\"51.566335\"/>\n\t\t<vertex lat=\"7.011843\" lon=\"51.559462\"/>\n\t</polygon>
276399740;\t<polygon id=\"276399740\" visited=\";\">\n\t\t<vertex lat=\"8.561781\" lon=\"51.992262\"/>\n\t\t<vertex lat=\"8.529569\" lon=\"51.974432\"/>\n\t\t<vertex lat=\"8.318096\" lon=\"52.231452\"/>\n\t\t<vertex lat=\"8.415128\" lon=\"52.415970\"/>\n\t\t<vertex lat=\"8.561781\" lon=\"51.992262\"/>\n\t</polygon>
280207657;\t<polygon id=\"280207657\" visited=\";\">\n\t\t<vertex lat=\"11.593488\" lon=\"50.973555\"/>\n\t\t<vertex lat=\"11.636084\" lon=\"50.871225\"/>\n\t\t<vertex lat=\"11.451240\" lon=\"50.635970\"/>\n\t\t<vertex lat=\"10.957729\" lon=\"50.508882\"/>\n\t\t<vertex lat=\"10.896916\" lon=\"50.845995\"/>\n\t\t<vertex lat=\"11.177712\" lon=\"51.209298\"/>\n\t\t<vertex lat=\"11.593488\" lon=\"50.973555\"/>\n\t</polygon>
280234684;\t<polygon id=\"280234684\" visited=\";\">\n\t\t<vertex lat=\"8.001524\" lon=\"51.750537\"/>\n\t\t<vertex lat=\"8.125203\" lon=\"51.666828\"/>\n\t\t<vertex lat=\"8.159928\" lon=\"50.828372\"/>\n\t\t<vertex lat=\"7.954803\" lon=\"50.781469\"/>\n\t\t<vertex lat=\"7.705916\" lon=\"50.884318\"/>\n\t\t<vertex lat=\"7.639184\" lon=\"50.985110\"/>\n\t\t<vertex lat=\"7.622557\" lon=\"51.390978\"/>\n\t\t<vertex lat=\"7.708374\" lon=\"51.585475\"/>\n\t\t<vertex lat=\"7.882890\" lon=\"51.689578\"/>\n\t\t<vertex lat=\"8.001524\" lon=\"51.750537\"/>\n\t</polygon>
280598096;\t<polygon id=\"280598096\" visited=\";\">\n\t\t<vertex lat=\"10.711753\" lon=\"48.957573\"/>\n\t\t<vertex lat=\"10.471056\" lon=\"48.561202\"/>\n\t\t<vertex lat=\"10.444656\" lon=\"48.522477\"/>\n\t\t<vertex lat=\"10.420023\" lon=\"48.530135\"/>\n\t\t<vertex lat=\"9.964862\" lon=\"49.002160\"/>\n\t\t<vertex lat=\"10.591445\" lon=\"49.143513\"/>\n\t\t<vertex lat=\"10.711753\" lon=\"48.957573\"/>\n\t</polygon>
282707761;\t<polygon id=\"282707761\" visited=\";\">\n\t\t<vertex lat=\"7.438543\" lon=\"52.920414\"/>\n\t\t<vertex lat=\"7.209360\" lon=\"52.238320\"/>\n\t\t<vertex lat=\"5.429805\" lon=\"52.541846\"/>\n\t\t<vertex lat=\"5.087326\" lon=\"52.702596\"/>\n\t\t<vertex lat=\"5.087326\" lon=\"54.960030\"/>\n\t\t<vertex lat=\"5.847969\" lon=\"54.584753\"/>\n\t\t<vertex lat=\"7.438543\" lon=\"52.920414\"/>\n\t</polygon>
290879996;\t<polygon id=\"290879996\" visited=\";\">\n\t\t<vertex lat=\"11.539804\" lon=\"53.069724\"/>\n\t\t<vertex lat=\"11.478105\" lon=\"52.989558\"/>\n\t\t<vertex lat=\"10.823505\" lon=\"53.042509\"/>\n\t\t<vertex lat=\"10.263239\" lon=\"53.946768\"/>\n\t\t<vertex lat=\"10.485043\" lon=\"54.211467\"/>\n\t\t<vertex lat=\"11.432806\" lon=\"53.778113\"/>\n\t\t<vertex lat=\"11.539804\" lon=\"53.069724\"/>\n\t</polygon>
294060137;\t<polygon id=\"294060137\" visited=\";\">\n\t\t<vertex lat=\"11.942202\" lon=\"48.562984\"/>\n\t\t<vertex lat=\"11.948408\" lon=\"48.561998\"/>\n\t\t<vertex lat=\"11.771894\" lon=\"48.188935\"/>\n\t\t<vertex lat=\"11.683835\" lon=\"48.285387\"/>\n\t\t<vertex lat=\"11.942202\" lon=\"48.562984\"/>\n\t</polygon>
294096634;\t<polygon id=\"294096634\" visited=\";\">\n\t\t<vertex lat=\"11.575748\" lon=\"48.175448\"/>\n\t\t<vertex lat=\"11.576056\" lon=\"48.154616\"/>\n\t\t<vertex lat=\"11.535542\" lon=\"48.156269\"/>\n\t\t<vertex lat=\"11.557297\" lon=\"48.186853\"/>\n\t\t<vertex lat=\"11.559088\" lon=\"48.186828\"/>\n\t\t<vertex lat=\"11.575748\" lon=\"48.175448\"/>\n\t</polygon>
296455576;\t<polygon id=\"296455576\" visited=\";\">\n\t\t<vertex lat=\"11.384983\" lon=\"48.568864\"/>\n\t\t<vertex lat=\"11.396449\" lon=\"48.374014\"/>\n\t\t<vertex lat=\"11.396188\" lon=\"48.366498\"/>\n\t\t<vertex lat=\"11.220092\" lon=\"47.534159\"/>\n\t\t<vertex lat=\"10.926944\" lon=\"47.983557\"/>\n\t\t<vertex lat=\"11.089107\" lon=\"48.315982\"/>\n\t\t<vertex lat=\"11.334305\" lon=\"48.693534\"/>\n\t\t<vertex lat=\"11.384983\" lon=\"48.568864\"/>\n\t</polygon>
297740551;\t<polygon id=\"297740551\" visited=\";\">\n\t\t<vertex lat=\"7.187573\" lon=\"51.707973\"/>\n\t\t<vertex lat=\"7.020545\" lon=\"51.823288\"/>\n\t\t<vertex lat=\"7.231960\" lon=\"52.042605\"/>\n\t\t<vertex lat=\"7.417110\" lon=\"51.758419\"/>\n\t\t<vertex lat=\"7.187573\" lon=\"51.707973\"/>\n\t</polygon>
298097784;\t<polygon id=\"298097784\" visited=\";\">\n\t\t<vertex lat=\"6.448632\" lon=\"49.990778\"/>\n\t\t<vertex lat=\"7.398468\" lon=\"50.572163\"/>\n\t\t<vertex lat=\"7.468051\" lon=\"49.769502\"/>\n\t\t<vertex lat=\"6.952148\" lon=\"49.822065\"/>\n\t\t<vertex lat=\"6.430445\" lon=\"49.943835\"/>\n\t\t<vertex lat=\"6.448632\" lon=\"49.990778\"/>\n\t</polygon>
305460587;\t<polygon id=\"305460587\" visited=\";\">\n\t\t<vertex lat=\"7.019215\" lon=\"51.115335\"/>\n\t\t<vertex lat=\"6.924112\" lon=\"51.031826\"/>\n\t\t<vertex lat=\"6.820030\" lon=\"51.006619\"/>\n\t\t<vertex lat=\"6.765199\" lon=\"51.027737\"/>\n\t\t<vertex lat=\"6.832626\" lon=\"51.130851\"/>\n\t\t<vertex lat=\"7.019215\" lon=\"51.115335\"/>\n\t</polygon>
306392003;\t<polygon id=\"306392003\" visited=\";\">\n\t\t<vertex lat=\"8.415128\" lon=\"52.415970\"/>\n\t\t<vertex lat=\"8.318096\" lon=\"52.231452\"/>\n\t\t<vertex lat=\"8.269913\" lon=\"52.160839\"/>\n\t\t<vertex lat=\"8.021343\" lon=\"51.928376\"/>\n\t\t<vertex lat=\"7.726540\" lon=\"52.279634\"/>\n\t\t<vertex lat=\"7.753123\" lon=\"52.750246\"/>\n\t\t<vertex lat=\"8.249448\" lon=\"52.797496\"/>\n\t\t<vertex lat=\"8.488588\" lon=\"52.570500\"/>\n\t\t<vertex lat=\"8.415128\" lon=\"52.415970\"/>\n\t</polygon>
308858101;\t<polygon id=\"308858101\" visited=\";\">\n\t\t<vertex lat=\"13.258140\" lon=\"52.390930\"/>\n\t\t<vertex lat=\"13.317047\" lon=\"52.437300\"/>\n\t\t<vertex lat=\"13.374682\" lon=\"52.464817\"/>\n\t\t<vertex lat=\"13.449354\" lon=\"52.422595\"/>\n\t\t<vertex lat=\"13.686020\" lon=\"51.763195\"/>\n\t\t<vertex lat=\"13.654414\" lon=\"51.754894\"/>\n\t\t<vertex lat=\"13.334289\" lon=\"51.909742\"/>\n\t\t<vertex lat=\"13.258140\" lon=\"52.390930\"/>\n\t</polygon>
312278293;\t<polygon id=\"312278293\" visited=\";\">\n\t\t<vertex lat=\"9.232917\" lon=\"50.810016\"/>\n\t\t<vertex lat=\"9.997268\" lon=\"50.117960\"/>\n\t\t<vertex lat=\"9.175623\" lon=\"50.045122\"/>\n\t\t<vertex lat=\"9.099239\" lon=\"50.282178\"/>\n\t\t<vertex lat=\"9.112980\" lon=\"50.522323\"/>\n\t\t<vertex lat=\"9.160765\" lon=\"50.729292\"/>\n\t\t<vertex lat=\"9.232917\" lon=\"50.810016\"/>\n\t</polygon>
312385380;\t<polygon id=\"312385380\" visited=\";\">\n\t\t<vertex lat=\"11.575748\" lon=\"48.175448\"/>\n\t\t<vertex lat=\"11.592721\" lon=\"48.177676\"/>\n\t\t<vertex lat=\"11.687861\" lon=\"48.109960\"/>\n\t\t<vertex lat=\"11.659772\" lon=\"48.117221\"/>\n\t\t<vertex lat=\"11.577729\" lon=\"48.151104\"/>\n\t\t<vertex lat=\"11.576056\" lon=\"48.154616\"/>\n\t\t<vertex lat=\"11.575748\" lon=\"48.175448\"/>\n\t</polygon>
317428164;\t<polygon id=\"317428164\" visited=\";\">\n\t\t<vertex lat=\"9.989971\" lon=\"55.907828\"/>\n\t\t<vertex lat=\"9.989971\" lon=\"55.907827\"/>\n\t\t<vertex lat=\"9.839206\" lon=\"55.312328\"/>\n\t\t<vertex lat=\"9.427545\" lon=\"54.774103\"/>\n\t\t<vertex lat=\"9.390972\" lon=\"54.851437\"/>\n\t\t<vertex lat=\"9.027879\" lon=\"55.907828\"/>\n\t\t<vertex lat=\"9.027879\" lon=\"55.907828\"/>\n\t\t<vertex lat=\"9.989971\" lon=\"55.907828\"/>\n\t</polygon>
319103386;\t<polygon id=\"319103386\" visited=\";\">\n\t\t<vertex lat=\"13.654414\" lon=\"51.754894\"/>\n\t\t<vertex lat=\"13.686020\" lon=\"51.763195\"/>\n\t\t<vertex lat=\"13.951287\" lon=\"51.806591\"/>\n\t\t<vertex lat=\"14.429591\" lon=\"49.282915\"/>\n\t\t<vertex lat=\"14.315200\" lon=\"49.325637\"/>\n\t\t<vertex lat=\"13.392878\" lon=\"50.792330\"/>\n\t\t<vertex lat=\"13.309838\" lon=\"51.237682\"/>\n\t\t<vertex lat=\"13.654414\" lon=\"51.754894\"/>\n\t</polygon>
320091895;\t<polygon id=\"320091895\" visited=\";\">\n\t\t<vertex lat=\"7.937834\" lon=\"48.174056\"/>\n\t\t<vertex lat=\"7.799241\" lon=\"47.906982\"/>\n\t\t<vertex lat=\"7.747525\" lon=\"48.141642\"/>\n\t\t<vertex lat=\"7.937834\" lon=\"48.174056\"/>\n\t</polygon>
321328927;\t<polygon id=\"321328927\" visited=\";\">\n\t\t<vertex lat=\"9.266535\" lon=\"48.970904\"/>\n\t\t<vertex lat=\"9.148187\" lon=\"48.703630\"/>\n\t\t<vertex lat=\"9.115823\" lon=\"48.759871\"/>\n\t\t<vertex lat=\"9.260378\" lon=\"48.985536\"/>\n\t\t<vertex lat=\"9.266535\" lon=\"48.970904\"/>\n\t</polygon>
322016309;\t<polygon id=\"322016309\" visited=\";\">\n\t\t<vertex lat=\"9.114937\" lon=\"52.374132\"/>\n\t\t<vertex lat=\"8.874094\" lon=\"52.497439\"/>\n\t\t<vertex lat=\"9.068002\" lon=\"53.245221\"/>\n\t\t<vertex lat=\"9.381686\" lon=\"52.853117\"/>\n\t\t<vertex lat=\"9.114937\" lon=\"52.374132\"/>\n\t</polygon>
322861728;\t<polygon id=\"322861728\" visited=\";\">\n\t\t<vertex lat=\"12.160416\" lon=\"55.907828\"/>\n\t\t<vertex lat=\"13.703301\" lon=\"55.907828\"/>\n\t\t<vertex lat=\"12.757462\" lon=\"53.552225\"/>\n\t\t<vertex lat=\"12.160416\" lon=\"55.907828\"/>\n\t</polygon>
338658878;\t<polygon id=\"338658878\" visited=\";\">\n\t\t<vertex lat=\"9.331952\" lon=\"47.841086\"/>\n\t\t<vertex lat=\"9.330692\" lon=\"46.425772\"/>\n\t\t<vertex lat=\"8.160133\" lon=\"46.425772\"/>\n\t\t<vertex lat=\"8.256001\" lon=\"46.806582\"/>\n\t\t<vertex lat=\"8.876045\" lon=\"47.885903\"/>\n\t\t<vertex lat=\"9.124722\" lon=\"48.019751\"/>\n\t\t<vertex lat=\"9.331952\" lon=\"47.841086\"/>\n\t</polygon>
347546273;\t<polygon id=\"347546273\" visited=\";\">\n\t\t<vertex lat=\"11.650053\" lon=\"48.307664\"/>\n\t\t<vertex lat=\"11.384983\" lon=\"48.568864\"/>\n\t\t<vertex lat=\"11.334305\" lon=\"48.693534\"/>\n\t\t<vertex lat=\"11.335166\" lon=\"48.734959\"/>\n\t\t<vertex lat=\"11.942202\" lon=\"48.562984\"/>\n\t\t<vertex lat=\"11.683835\" lon=\"48.285387\"/>\n\t\t<vertex lat=\"11.650053\" lon=\"48.307664\"/>\n\t</polygon>
353802388;\t<polygon id=\"353802388\" visited=\";\">\n\t\t<vertex lat=\"11.325744\" lon=\"48.913507\"/>\n\t\t<vertex lat=\"12.145274\" lon=\"48.833751\"/>\n\t\t<vertex lat=\"12.338176\" lon=\"48.676010\"/>\n\t\t<vertex lat=\"12.294125\" lon=\"48.580277\"/>\n\t\t<vertex lat=\"11.948408\" lon=\"48.561998\"/>\n\t\t<vertex lat=\"11.942202\" lon=\"48.562984\"/>\n\t\t<vertex lat=\"11.335166\" lon=\"48.734959\"/>\n\t\t<vertex lat=\"11.281796\" lon=\"48.862387\"/>\n\t\t<vertex lat=\"11.325744\" lon=\"48.913507\"/>\n\t</polygon>
360386814;\t<polygon id=\"360386814\" visited=\";\">\n\t\t<vertex lat=\"11.638256\" lon=\"49.270354\"/>\n\t\t<vertex lat=\"11.948910\" lon=\"49.064842\"/>\n\t\t<vertex lat=\"12.145274\" lon=\"48.833751\"/>\n\t\t<vertex lat=\"11.325744\" lon=\"48.913507\"/>\n\t\t<vertex lat=\"11.542028\" lon=\"49.219027\"/>\n\t\t<vertex lat=\"11.638256\" lon=\"49.270354\"/>\n\t</polygon>
368027620;\t<polygon id=\"368027620\" visited=\";\">\n\t\t<vertex lat=\"10.037450\" lon=\"53.277184\"/>\n\t\t<vertex lat=\"10.195245\" lon=\"53.273006\"/>\n\t\t<vertex lat=\"10.800163\" lon=\"53.035537\"/>\n\t\t<vertex lat=\"10.199600\" lon=\"52.637689\"/>\n\t\t<vertex lat=\"9.629276\" lon=\"53.026433\"/>\n\t\t<vertex lat=\"9.780497\" lon=\"53.163934\"/>\n\t\t<vertex lat=\"9.820060\" lon=\"53.189969\"/>\n\t\t<vertex lat=\"10.037450\" lon=\"53.277184\"/>\n\t</polygon>
372340406;\t<polygon id=\"372340406\" visited=\";\">\n\t\t<vertex lat=\"12.816553\" lon=\"52.877992\"/>\n\t\t<vertex lat=\"12.728924\" lon=\"52.361805\"/>\n\t\t<vertex lat=\"12.274208\" lon=\"51.947373\"/>\n\t\t<vertex lat=\"11.612133\" lon=\"52.325880\"/>\n\t\t<vertex lat=\"11.528642\" lon=\"52.430346\"/>\n\t\t<vertex lat=\"11.478105\" lon=\"52.989558\"/>\n\t\t<vertex lat=\"11.539804\" lon=\"53.069724\"/>\n\t\t<vertex lat=\"12.740177\" lon=\"53.358602\"/>\n\t\t<vertex lat=\"12.753905\" lon=\"53.289948\"/>\n\t\t<vertex lat=\"12.816553\" lon=\"52.877992\"/>\n\t</polygon>
390470723;\t<polygon id=\"390470723\" visited=\";\">\n\t\t<vertex lat=\"12.816553\" lon=\"52.877992\"/>\n\t\t<vertex lat=\"12.753905\" lon=\"53.289948\"/>\n\t\t<vertex lat=\"13.268440\" lon=\"52.538220\"/>\n\t\t<vertex lat=\"13.229119\" lon=\"52.427818\"/>\n\t\t<vertex lat=\"13.030367\" lon=\"52.529094\"/>\n\t\t<vertex lat=\"12.816553\" lon=\"52.877992\"/>\n\t</polygon>
401754817;\t<polygon id=\"401754817\" visited=\";\">\n\t\t<vertex lat=\"11.843203\" lon=\"50.055478\"/>\n\t\t<vertex lat=\"12.175197\" lon=\"50.298671\"/>\n\t\t<vertex lat=\"12.804167\" lon=\"49.910133\"/>\n\t\t<vertex lat=\"13.014799\" lon=\"49.578165\"/>\n\t\t<vertex lat=\"12.711192\" lon=\"49.573807\"/>\n\t\t<vertex lat=\"11.910462\" lon=\"49.613085\"/>\n\t\t<vertex lat=\"11.888870\" lon=\"49.651894\"/>\n\t\t<vertex lat=\"11.843203\" lon=\"50.055478\"/>\n\t</polygon>
415919894;\t<polygon id=\"415919894\" visited=\";\">\n\t\t<vertex lat=\"9.205616\" lon=\"52.203709\"/>\n\t\t<vertex lat=\"9.332996\" lon=\"51.897076\"/>\n\t\t<vertex lat=\"9.037372\" lon=\"51.386152\"/>\n\t\t<vertex lat=\"8.742708\" lon=\"51.381705\"/>\n\t\t<vertex lat=\"8.670480\" lon=\"51.729392\"/>\n\t\t<vertex lat=\"8.707540\" lon=\"51.856421\"/>\n\t\t<vertex lat=\"8.926320\" lon=\"52.030216\"/>\n\t\t<vertex lat=\"9.205616\" lon=\"52.203709\"/>\n\t</polygon>
445842531;\t<polygon id=\"445842531\" visited=\";\">\n\t\t<vertex lat=\"13.364176\" lon=\"52.563255\"/>\n\t\t<vertex lat=\"13.368567\" lon=\"52.556102\"/>\n\t\t<vertex lat=\"13.379977\" lon=\"52.490933\"/>\n\t\t<vertex lat=\"13.374682\" lon=\"52.464817\"/>\n\t\t<vertex lat=\"13.317047\" lon=\"52.437300\"/>\n\t\t<vertex lat=\"13.319649\" lon=\"52.476246\"/>\n\t\t<vertex lat=\"13.364176\" lon=\"52.563255\"/>\n\t</polygon>
448941328;\t<polygon id=\"448941328\" visited=\";\">\n\t\t<vertex lat=\"9.572307\" lon=\"54.252824\"/>\n\t\t<vertex lat=\"9.521818\" lon=\"54.173147\"/>\n\t\t<vertex lat=\"9.390972\" lon=\"54.851437\"/>\n\t\t<vertex lat=\"9.427545\" lon=\"54.774103\"/>\n\t\t<vertex lat=\"9.572307\" lon=\"54.252824\"/>\n\t</polygon>
461159178;\t<polygon id=\"461159178\" visited=\";\">\n\t\t<vertex lat=\"8.942600\" lon=\"48.469781\"/>\n\t\t<vertex lat=\"9.048028\" lon=\"48.431877\"/>\n\t\t<vertex lat=\"9.193870\" lon=\"48.202735\"/>\n\t\t<vertex lat=\"9.124722\" lon=\"48.019751\"/>\n\t\t<vertex lat=\"8.876045\" lon=\"47.885903\"/>\n\t\t<vertex lat=\"8.691176\" lon=\"48.146110\"/>\n\t\t<vertex lat=\"8.802979\" lon=\"48.408585\"/>\n\t\t<vertex lat=\"8.942600\" lon=\"48.469781\"/>\n\t</polygon>
472082103;\t<polygon id=\"472082103\" visited=\";\">\n\t\t<vertex lat=\"11.910462\" lon=\"49.613085\"/>\n\t\t<vertex lat=\"12.711192\" lon=\"49.573807\"/>\n\t\t<vertex lat=\"11.948910\" lon=\"49.064842\"/>\n\t\t<vertex lat=\"11.638256\" lon=\"49.270354\"/>\n\t\t<vertex lat=\"11.910462\" lon=\"49.613085\"/>\n\t</polygon>
477204998;\t<polygon id=\"477204998\" visited=\";\">\n\t\t<vertex lat=\"12.816553\" lon=\"52.877992\"/>\n\t\t<vertex lat=\"13.030367\" lon=\"52.529094\"/>\n\t\t<vertex lat=\"13.044029\" lon=\"52.122568\"/>\n\t\t<vertex lat=\"12.728924\" lon=\"52.361805\"/>\n\t\t<vertex lat=\"12.816553\" lon=\"52.877992\"/>\n\t</polygon>
485592601;\t<polygon id=\"485592601\" visited=\";\">\n\t\t<vertex lat=\"7.289475\" lon=\"48.671061\"/>\n\t\t<vertex lat=\"6.862206\" lon=\"48.314570\"/>\n\t\t<vertex lat=\"6.575329\" lon=\"48.154638\"/>\n\t\t<vertex lat=\"7.047408\" lon=\"49.335793\"/>\n\t\t<vertex lat=\"7.289475\" lon=\"48.671061\"/>\n\t</polygon>
506115214;\t<polygon id=\"506115214\" visited=\";\">\n\t\t<vertex lat=\"8.929048\" lon=\"49.129674\"/>\n\t\t<vertex lat=\"8.880198\" lon=\"49.034894\"/>\n\t\t<vertex lat=\"8.737379\" lon=\"48.866499\"/>\n\t\t<vertex lat=\"8.601778\" lon=\"48.829096\"/>\n\t\t<vertex lat=\"8.436304\" lon=\"49.114009\"/>\n\t\t<vertex lat=\"8.492129\" lon=\"49.235352\"/>\n\t\t<vertex lat=\"8.573475\" lon=\"49.290531\"/>\n\t\t<vertex lat=\"8.929048\" lon=\"49.129674\"/>\n\t</polygon>
519914006;\t<polygon id=\"519914006\" visited=\";\">\n\t\t<vertex lat=\"12.753905\" lon=\"53.289948\"/>\n\t\t<vertex lat=\"12.740177\" lon=\"53.358602\"/>\n\t\t<vertex lat=\"12.791645\" lon=\"53.398004\"/>\n\t\t<vertex lat=\"13.504675\" lon=\"53.477580\"/>\n\t\t<vertex lat=\"13.358138\" lon=\"52.574017\"/>\n\t\t<vertex lat=\"13.318898\" lon=\"52.550843\"/>\n\t\t<vertex lat=\"13.268440\" lon=\"52.538220\"/>\n\t\t<vertex lat=\"12.753905\" lon=\"53.289948\"/>\n\t</polygon>
558552132;\t<polygon id=\"558552132\" visited=\";\">\n\t\t<vertex lat=\"7.009373\" lon=\"51.566335\"/>\n\t\t<vertex lat=\"6.907604\" lon=\"51.501538\"/>\n\t\t<vertex lat=\"6.680614\" lon=\"51.855700\"/>\n\t\t<vertex lat=\"6.940978\" lon=\"51.811363\"/>\n\t\t<vertex lat=\"7.009373\" lon=\"51.566335\"/>\n\t</polygon>
564663729;\t<polygon id=\"564663729\" visited=\";\">\n\t\t<vertex lat=\"5.429805\" lon=\"52.541846\"/>\n\t\t<vertex lat=\"6.474802\" lon=\"51.905429\"/>\n\t\t<vertex lat=\"6.704551\" lon=\"51.447889\"/>\n\t\t<vertex lat=\"6.671377\" lon=\"51.328892\"/>\n\t\t<vertex lat=\"6.400319\" lon=\"50.990673\"/>\n\t\t<vertex lat=\"5.087326\" lon=\"52.113420\"/>\n\t\t<vertex lat=\"5.087326\" lon=\"52.113420\"/>\n\t\t<vertex lat=\"5.087326\" lon=\"52.702596\"/>\n\t\t<vertex lat=\"5.087326\" lon=\"52.702596\"/>\n\t\t<vertex lat=\"5.429805\" lon=\"52.541846\"/>\n\t</polygon>
573239288;\t<polygon id=\"573239288\" visited=\";\">\n\t\t<vertex lat=\"8.553086\" lon=\"49.378553\"/>\n\t\t<vertex lat=\"8.573475\" lon=\"49.290531\"/>\n\t\t<vertex lat=\"8.492129\" lon=\"49.235352\"/>\n\t\t<vertex lat=\"8.294339\" lon=\"49.337923\"/>\n\t\t<vertex lat=\"8.294317\" lon=\"49.387074\"/>\n\t\t<vertex lat=\"8.484102\" lon=\"49.398953\"/>\n\t\t<vertex lat=\"8.553086\" lon=\"49.378553\"/>\n\t</polygon>
578429141;\t<polygon id=\"578429141\" visited=\";\">\n\t\t<vertex lat=\"13.415218\" lon=\"52.541805\"/>\n\t\t<vertex lat=\"13.446255\" lon=\"52.509907\"/>\n\t\t<vertex lat=\"13.379977\" lon=\"52.490933\"/>\n\t\t<vertex lat=\"13.368567\" lon=\"52.556102\"/>\n\t\t<vertex lat=\"13.415218\" lon=\"52.541805\"/>\n\t</polygon>
583524112;\t<polygon id=\"583524112\" visited=\";\">\n\t\t<vertex lat=\"9.357591\" lon=\"48.817887\"/>\n\t\t<vertex lat=\"9.635821\" lon=\"48.738907\"/>\n\t\t<vertex lat=\"9.544166\" lon=\"48.481367\"/>\n\t\t<vertex lat=\"9.228230\" lon=\"48.663289\"/>\n\t\t<vertex lat=\"9.357591\" lon=\"48.817887\"/>\n\t</polygon>
587689005;\t<polygon id=\"587689005\" visited=\";\">\n\t\t<vertex lat=\"9.576482\" lon=\"54.259100\"/>\n\t\t<vertex lat=\"9.572307\" lon=\"54.252824\"/>\n\t\t<vertex lat=\"9.427545\" lon=\"54.774103\"/>\n\t\t<vertex lat=\"9.839206\" lon=\"55.312328\"/>\n\t\t<vertex lat=\"9.576482\" lon=\"54.259100\"/>\n\t</polygon>
593416493;\t<polygon id=\"593416493\" visited=\";\">\n\t\t<vertex lat=\"11.989212\" lon=\"50.826896\"/>\n\t\t<vertex lat=\"12.715328\" lon=\"50.468151\"/>\n\t\t<vertex lat=\"12.804167\" lon=\"49.910133\"/>\n\t\t<vertex lat=\"12.175197\" lon=\"50.298671\"/>\n\t\t<vertex lat=\"11.989212\" lon=\"50.826896\"/>\n\t</polygon>
595677440;\t<polygon id=\"595677440\" visited=\";\">\n\t\t<vertex lat=\"11.103066\" lon=\"49.580314\"/>\n\t\t<vertex lat=\"11.048778\" lon=\"49.526321\"/>\n\t\t<vertex lat=\"10.494095\" lon=\"49.482963\"/>\n\t\t<vertex lat=\"10.406992\" lon=\"49.681041\"/>\n\t\t<vertex lat=\"11.103066\" lon=\"49.580314\"/>\n\t</polygon>
604346794;\t<polygon id=\"604346794\" visited=\";\">\n\t\t<vertex lat=\"9.872168\" lon=\"51.029250\"/>\n\t\t<vertex lat=\"10.026532\" lon=\"50.989791\"/>\n\t\t<vertex lat=\"10.070016\" lon=\"50.109034\"/>\n\t\t<vertex lat=\"9.997268\" lon=\"50.117960\"/>\n\t\t<vertex lat=\"9.232917\" lon=\"50.810016\"/>\n\t\t<vertex lat=\"9.246404\" lon=\"50.834086\"/>\n\t\t<vertex lat=\"9.872168\" lon=\"51.029250\"/>\n\t</polygon>
611243667;\t<polygon id=\"611243667\" visited=\";\">\n\t\t<vertex lat=\"8.621432\" lon=\"50.845645\"/>\n\t\t<vertex lat=\"8.672947\" lon=\"50.510406\"/>\n\t\t<vertex lat=\"8.431938\" lon=\"50.452843\"/>\n\t\t<vertex lat=\"8.175995\" lon=\"50.827691\"/>\n\t\t<vertex lat=\"8.363321\" lon=\"50.917125\"/>\n\t\t<vertex lat=\"8.621432\" lon=\"50.845645\"/>\n\t</polygon>
620775623;\t<polygon id=\"620775623\" visited=\";\">\n\t\t<vertex lat=\"9.514741\" lon=\"51.806831\"/>\n\t\t<vertex lat=\"9.872168\" lon=\"51.029250\"/>\n\t\t<vertex lat=\"9.246404\" lon=\"50.834086\"/>\n\t\t<vertex lat=\"9.037372\" lon=\"51.386152\"/>\n\t\t<vertex lat=\"9.332996\" lon=\"51.897076\"/>\n\t\t<vertex lat=\"9.514741\" lon=\"51.806831\"/>\n\t</polygon>
621283727;\t<polygon id=\"621283727\" visited=\";\">\n\t\t<vertex lat=\"11.112583\" lon=\"49.445799\"/>\n\t\t<vertex lat=\"11.034422\" lon=\"49.218180\"/>\n\t\t<vertex lat=\"11.049722\" lon=\"49.522898\"/>\n\t\t<vertex lat=\"11.112583\" lon=\"49.445799\"/>\n\t</polygon>
640015737;\t<polygon id=\"640015737\" visited=\";\">\n\t\t<vertex lat=\"12.264368\" lon=\"51.651733\"/>\n\t\t<vertex lat=\"12.338665\" lon=\"51.872335\"/>\n\t\t<vertex lat=\"12.497060\" lon=\"51.794205\"/>\n\t\t<vertex lat=\"12.379358\" lon=\"51.339064\"/>\n\t\t<vertex lat=\"12.264368\" lon=\"51.651733\"/>\n\t</polygon>
660199638;\t<polygon id=\"660199638\" visited=\";\">\n\t\t<vertex lat=\"7.954803\" lon=\"50.781469\"/>\n\t\t<vertex lat=\"7.893652\" lon=\"50.105050\"/>\n\t\t<vertex lat=\"7.708637\" lon=\"49.754709\"/>\n\t\t<vertex lat=\"7.620496\" lon=\"49.705627\"/>\n\t\t<vertex lat=\"7.468051\" lon=\"49.769502\"/>\n\t\t<vertex lat=\"7.398468\" lon=\"50.572163\"/>\n\t\t<vertex lat=\"7.409185\" lon=\"50.599535\"/>\n\t\t<vertex lat=\"7.705916\" lon=\"50.884318\"/>\n\t\t<vertex lat=\"7.954803\" lon=\"50.781469\"/>\n\t</polygon>
667363456;\t<polygon id=\"667363456\" visited=\";\">\n\t\t<vertex lat=\"14.315200\" lon=\"49.325637\"/>\n\t\t<vertex lat=\"14.429591\" lon=\"49.282915\"/>\n\t\t<vertex lat=\"15.425538\" lon=\"48.682384\"/>\n\t\t<vertex lat=\"15.425538\" lon=\"46.425772\"/>\n\t\t<vertex lat=\"12.612433\" lon=\"46.425772\"/>\n\t\t<vertex lat=\"12.464821\" lon=\"47.027228\"/>\n\t\t<vertex lat=\"12.294125\" lon=\"48.580277\"/>\n\t\t<vertex lat=\"12.338176\" lon=\"48.676010\"/>\n\t\t<vertex lat=\"13.214302\" lon=\"49.456676\"/>\n\t\t<vertex lat=\"14.315200\" lon=\"49.325637\"/>\n\t</polygon>
671764583;\t<polygon id=\"671764583\" visited=\";\">\n\t\t<vertex lat=\"12.264368\" lon=\"51.651733\"/>\n\t\t<vertex lat=\"12.184387\" lon=\"51.420313\"/>\n\t\t<vertex lat=\"11.646868\" lon=\"51.432022\"/>\n\t\t<vertex lat=\"11.612133\" lon=\"52.325880\"/>\n\t\t<vertex lat=\"12.274208\" lon=\"51.947373\"/>\n\t\t<vertex lat=\"12.338665\" lon=\"51.872335\"/>\n\t\t<vertex lat=\"12.264368\" lon=\"51.651733\"/>\n\t</polygon>
711764835;\t<polygon id=\"711764835\" visited=\";\">\n\t\t<vertex lat=\"6.795424\" lon=\"51.174088\"/>\n\t\t<vertex lat=\"6.832626\" lon=\"51.130851\"/>\n\t\t<vertex lat=\"6.765199\" lon=\"51.027737\"/>\n\t\t<vertex lat=\"6.608877\" lon=\"51.043445\"/>\n\t\t<vertex lat=\"6.700024\" lon=\"51.129455\"/>\n\t\t<vertex lat=\"6.795424\" lon=\"51.174088\"/>\n\t</polygon>
775800870;\t<polygon id=\"775800870\" visited=\";\">\n\t\t<vertex lat=\"7.620496\" lon=\"49.705627\"/>\n\t\t<vertex lat=\"7.665201\" lon=\"49.054179\"/>\n\t\t<vertex lat=\"7.584718\" lon=\"48.871756\"/>\n\t\t<vertex lat=\"7.289475\" lon=\"48.671061\"/>\n\t\t<vertex lat=\"7.047408\" lon=\"49.335793\"/>\n\t\t<vertex lat=\"6.952148\" lon=\"49.822065\"/>\n\t\t<vertex lat=\"7.468051\" lon=\"49.769502\"/>\n\t\t<vertex lat=\"7.620496\" lon=\"49.705627\"/>\n\t</polygon>
811216907;\t<polygon id=\"811216907\" visited=\";\">\n\t\t<vertex lat=\"13.415218\" lon=\"52.541805\"/>\n\t\t<vertex lat=\"13.676375\" lon=\"52.667527\"/>\n\t\t<vertex lat=\"13.477965\" lon=\"52.501779\"/>\n\t\t<vertex lat=\"13.446255\" lon=\"52.509907\"/>\n\t\t<vertex lat=\"13.415218\" lon=\"52.541805\"/>\n\t</polygon>
821805883;\t<polygon id=\"821805883\" visited=\";\">\n\t\t<vertex lat=\"8.565365\" lon=\"49.410265\"/>\n\t\t<vertex lat=\"8.553086\" lon=\"49.378553\"/>\n\t\t<vertex lat=\"8.484102\" lon=\"49.398953\"/>\n\t\t<vertex lat=\"8.304707\" lon=\"49.713651\"/>\n\t\t<vertex lat=\"8.311053\" lon=\"49.716079\"/>\n\t\t<vertex lat=\"8.443447\" lon=\"49.670401\"/>\n\t\t<vertex lat=\"8.565365\" lon=\"49.410265\"/>\n\t</polygon>
828524273;\t<polygon id=\"828524273\" visited=\";\">\n\t\t<vertex lat=\"12.386543\" lon=\"51.300010\"/>\n\t\t<vertex lat=\"12.657384\" lon=\"51.505140\"/>\n\t\t<vertex lat=\"12.760439\" lon=\"51.303997\"/>\n\t\t<vertex lat=\"12.160348\" lon=\"51.096085\"/>\n\t\t<vertex lat=\"12.161094\" lon=\"51.099831\"/>\n\t\t<vertex lat=\"12.386543\" lon=\"51.300010\"/>\n\t</polygon>
1097197447;\t<polygon id=\"1097197447\" visited=\";\">\n\t\t<vertex lat=\"9.214889\" lon=\"49.404487\"/>\n\t\t<vertex lat=\"9.154838\" lon=\"49.310345\"/>\n\t\t<vertex lat=\"8.948522\" lon=\"49.145870\"/>\n\t\t<vertex lat=\"8.627211\" lon=\"49.462223\"/>\n\t\t<vertex lat=\"8.634514\" lon=\"49.469569\"/>\n\t\t<vertex lat=\"9.146393\" lon=\"49.573434\"/>\n\t\t<vertex lat=\"9.214889\" lon=\"49.404487\"/>\n\t</polygon>
1116613093;\t<polygon id=\"1116613093\" visited=\";\">\n\t\t<vertex lat=\"10.896916\" lon=\"50.845995\"/>\n\t\t<vertex lat=\"10.957729\" lon=\"50.508882\"/>\n\t\t<vertex lat=\"10.882423\" lon=\"50.457926\"/>\n\t\t<vertex lat=\"10.215482\" lon=\"51.084970\"/>\n\t\t<vertex lat=\"10.566238\" lon=\"51.532583\"/>\n\t\t<vertex lat=\"10.653172\" lon=\"51.546539\"/>\n\t\t<vertex lat=\"10.896916\" lon=\"50.845995\"/>\n\t</polygon>
1116613205;\t<polygon id=\"1116613205\" visited=\";\">\n\t\t<vertex lat=\"12.184387\" lon=\"51.420313\"/>\n\t\t<vertex lat=\"12.161094\" lon=\"51.099831\"/>\n\t\t<vertex lat=\"12.160348\" lon=\"51.096085\"/>\n\t\t<vertex lat=\"12.057451\" lon=\"50.895152\"/>\n\t\t<vertex lat=\"11.982687\" lon=\"50.837182\"/>\n\t\t<vertex lat=\"11.636084\" lon=\"50.871225\"/>\n\t\t<vertex lat=\"11.593488\" lon=\"50.973555\"/>\n\t\t<vertex lat=\"11.646868\" lon=\"51.432022\"/>\n\t\t<vertex lat=\"12.184387\" lon=\"51.420313\"/>\n\t</polygon>
1168650820;\t<polygon id=\"1168650820\" visited=\";\">\n\t\t<vertex lat=\"8.978998\" lon=\"53.445935\"/>\n\t\t<vertex lat=\"8.947880\" lon=\"53.421898\"/>\n\t\t<vertex lat=\"8.681199\" lon=\"53.291801\"/>\n\t\t<vertex lat=\"8.346709\" lon=\"53.183250\"/>\n\t\t<vertex lat=\"7.958057\" lon=\"54.115555\"/>\n\t\t<vertex lat=\"8.781443\" lon=\"54.286596\"/>\n\t\t<vertex lat=\"9.236870\" lon=\"53.991510\"/>\n\t\t<vertex lat=\"8.978998\" lon=\"53.445935\"/>\n\t</polygon>
1214172343;\t<polygon id=\"1214172343\" visited=\";\">\n\t\t<vertex lat=\"7.187573\" lon=\"51.707973\"/>\n\t\t<vertex lat=\"7.417110\" lon=\"51.758419\"/>\n\t\t<vertex lat=\"7.556476\" lon=\"51.724161\"/>\n\t\t<vertex lat=\"7.708374\" lon=\"51.585475\"/>\n\t\t<vertex lat=\"7.622557\" lon=\"51.390978\"/>\n\t\t<vertex lat=\"7.383998\" lon=\"51.447633\"/>\n\t\t<vertex lat=\"7.198308\" lon=\"51.667811\"/>\n\t\t<vertex lat=\"7.187573\" lon=\"51.707973\"/>\n\t</polygon>
1240213639;\t<polygon id=\"1240213639\" visited=\";\">\n\t\t<vertex lat=\"7.726540\" lon=\"52.279634\"/>\n\t\t<vertex lat=\"7.512283\" lon=\"52.131963\"/>\n\t\t<vertex lat=\"7.476437\" lon=\"52.112784\"/>\n\t\t<vertex lat=\"7.272882\" lon=\"52.128854\"/>\n\t\t<vertex lat=\"7.209360\" lon=\"52.238320\"/>\n\t\t<vertex lat=\"7.438543\" lon=\"52.920414\"/>\n\t\t<vertex lat=\"7.753123\" lon=\"52.750246\"/>\n\t\t<vertex lat=\"7.726540\" lon=\"52.279634\"/>\n\t</polygon>
1346857270;\t<polygon id=\"1346857270\" visited=\";\">\n\t\t<vertex lat=\"8.484102\" lon=\"49.398953\"/>\n\t\t<vertex lat=\"8.294317\" lon=\"49.387074\"/>\n\t\t<vertex lat=\"8.169440\" lon=\"49.676546\"/>\n\t\t<vertex lat=\"8.304707\" lon=\"49.713651\"/>\n\t\t<vertex lat=\"8.484102\" lon=\"49.398953\"/>\n\t</polygon>
1428087881;\t<polygon id=\"1428087881\" visited=\";\">\n\t\t<vertex lat=\"10.194050\" lon=\"52.273811\"/>\n\t\t<vertex lat=\"10.195893\" lon=\"51.880306\"/>\n\t\t<vertex lat=\"9.514741\" lon=\"51.806831\"/>\n\t\t<vertex lat=\"9.332996\" lon=\"51.897076\"/>\n\t\t<vertex lat=\"9.205616\" lon=\"52.203709\"/>\n\t\t<vertex lat=\"9.204300\" lon=\"52.217368\"/>\n\t\t<vertex lat=\"10.155887\" lon=\"52.549306\"/>\n\t\t<vertex lat=\"10.194050\" lon=\"52.273811\"/>\n\t</polygon>
1435425843;\t<polygon id=\"1435425843\" visited=\";\">\n\t\t<vertex lat=\"13.030367\" lon=\"52.529094\"/>\n\t\t<vertex lat=\"13.229119\" lon=\"52.427818\"/>\n\t\t<vertex lat=\"13.258140\" lon=\"52.390930\"/>\n\t\t<vertex lat=\"13.334289\" lon=\"51.909742\"/>\n\t\t<vertex lat=\"13.149046\" lon=\"51.947088\"/>\n\t\t<vertex lat=\"13.044029\" lon=\"52.122568\"/>\n\t\t<vertex lat=\"13.030367\" lon=\"52.529094\"/>\n\t</polygon>
1438241143;\t<polygon id=\"1438241143\" visited=\";\">\n\t\t<vertex lat=\"7.211606\" lon=\"50.646825\"/>\n\t\t<vertex lat=\"7.226294\" lon=\"50.647496\"/>\n\t\t<vertex lat=\"7.409185\" lon=\"50.599535\"/>\n\t\t<vertex lat=\"7.398468\" lon=\"50.572163\"/>\n\t\t<vertex lat=\"6.448632\" lon=\"49.990778\"/>\n\t\t<vertex lat=\"6.536244\" lon=\"50.381930\"/>\n\t\t<vertex lat=\"6.808808\" lon=\"50.619981\"/>\n\t\t<vertex lat=\"7.211606\" lon=\"50.646825\"/>\n\t</polygon>
1449054995;\t<polygon id=\"1449054995\" visited=\";\">\n\t\t<vertex lat=\"11.528642\" lon=\"52.430346\"/>\n\t\t<vertex lat=\"11.165504\" lon=\"52.084192\"/>\n\t\t<vertex lat=\"10.194050\" lon=\"52.273811\"/>\n\t\t<vertex lat=\"10.155887\" lon=\"52.549306\"/>\n\t\t<vertex lat=\"10.199600\" lon=\"52.637689\"/>\n\t\t<vertex lat=\"10.800163\" lon=\"53.035537\"/>\n\t\t<vertex lat=\"10.823505\" lon=\"53.042509\"/>\n\t\t<vertex lat=\"11.478105\" lon=\"52.989558\"/>\n\t\t<vertex lat=\"11.528642\" lon=\"52.430346\"/>\n\t</polygon>
1459107870;\t<polygon id=\"1459107870\" visited=\";\">\n\t\t<vertex lat=\"13.703301\" lon=\"55.907828\"/>\n\t\t<vertex lat=\"13.703301\" lon=\"55.907828\"/>\n\t\t<vertex lat=\"13.784569\" lon=\"55.907828\"/>\n\t\t<vertex lat=\"12.757880\" lon=\"53.550435\"/>\n\t\t<vertex lat=\"12.757462\" lon=\"53.552225\"/>\n\t\t<vertex lat=\"13.703301\" lon=\"55.907828\"/>\n\t</polygon>
1558368704;\t<polygon id=\"1558368704\" visited=\";\">\n\t\t<vertex lat=\"8.607291\" lon=\"51.339232\"/>\n\t\t<vertex lat=\"8.363321\" lon=\"50.917125\"/>\n\t\t<vertex lat=\"8.175995\" lon=\"50.827691\"/>\n\t\t<vertex lat=\"8.159928\" lon=\"50.828372\"/>\n\t\t<vertex lat=\"8.125203\" lon=\"51.666828\"/>\n\t\t<vertex lat=\"8.306217\" lon=\"51.633133\"/>\n\t\t<vertex lat=\"8.607291\" lon=\"51.339232\"/>\n\t</polygon>
1562386413;\t<polygon id=\"1562386413\" visited=\";\">\n\t\t<vertex lat=\"10.471056\" lon=\"48.561202\"/>\n\t\t<vertex lat=\"11.089107\" lon=\"48.315982\"/>\n\t\t<vertex lat=\"10.926944\" lon=\"47.983557\"/>\n\t\t<vertex lat=\"10.433871\" lon=\"48.224414\"/>\n\t\t<vertex lat=\"10.444656\" lon=\"48.522477\"/>\n\t\t<vertex lat=\"10.471056\" lon=\"48.561202\"/>\n\t</polygon>
1567316540;\t<polygon id=\"1567316540\" visited=\";\">\n\t\t<vertex lat=\"11.576056\" lon=\"48.154616\"/>\n\t\t<vertex lat=\"11.577729\" lon=\"48.151104\"/>\n\t\t<vertex lat=\"11.574580\" lon=\"48.147429\"/>\n\t\t<vertex lat=\"11.555336\" lon=\"48.140939\"/>\n\t\t<vertex lat=\"11.526417\" lon=\"48.147951\"/>\n\t\t<vertex lat=\"11.535542\" lon=\"48.156269\"/>\n\t\t<vertex lat=\"11.576056\" lon=\"48.154616\"/>\n\t</polygon>
1571347963;\t<polygon id=\"1571347963\" visited=\";\">\n\t\t<vertex lat=\"10.050552\" lon=\"53.491602\"/>\n\t\t<vertex lat=\"9.833423\" lon=\"53.545169\"/>\n\t\t<vertex lat=\"9.752769\" lon=\"53.638596\"/>\n\t\t<vertex lat=\"9.497393\" lon=\"54.017004\"/>\n\t\t<vertex lat=\"10.096110\" lon=\"53.938375\"/>\n\t\t<vertex lat=\"10.091190\" lon=\"53.801108\"/>\n\t\t<vertex lat=\"10.050552\" lon=\"53.491602\"/>\n\t</polygon>
1575633363;\t<polygon id=\"1575633363\" visited=\";\">\n\t\t<vertex lat=\"11.306628\" lon=\"49.545735\"/>\n\t\t<vertex lat=\"11.542028\" lon=\"49.219027\"/>\n\t\t<vertex lat=\"11.325744\" lon=\"48.913507\"/>\n\t\t<vertex lat=\"11.281796\" lon=\"48.862387\"/>\n\t\t<vertex lat=\"10.977156\" lon=\"48.931507\"/>\n\t\t<vertex lat=\"11.034422\" lon=\"49.218180\"/>\n\t\t<vertex lat=\"11.112583\" lon=\"49.445799\"/>\n\t\t<vertex lat=\"11.306628\" lon=\"49.545735\"/>\n\t</polygon>
1576845611;\t<polygon id=\"1576845611\" visited=\";\">\n\t\t<vertex lat=\"9.228230\" lon=\"48.663289\"/>\n\t\t<vertex lat=\"9.544166\" lon=\"48.481367\"/>\n\t\t<vertex lat=\"9.539894\" lon=\"48.339546\"/>\n\t\t<vertex lat=\"9.193870\" lon=\"48.202735\"/>\n\t\t<vertex lat=\"9.048028\" lon=\"48.431877\"/>\n\t\t<vertex lat=\"9.160493\" lon=\"48.640180\"/>\n\t\t<vertex lat=\"9.166630\" lon=\"48.647743\"/>\n\t\t<vertex lat=\"9.228230\" lon=\"48.663289\"/>\n\t</polygon>
1578235195;\t<polygon id=\"1578235195\" visited=\";\">\n\t\t<vertex lat=\"8.802979\" lon=\"48.408585\"/>\n\t\t<vertex lat=\"8.691176\" lon=\"48.146110\"/>\n\t\t<vertex lat=\"8.228539\" lon=\"48.345005\"/>\n\t\t<vertex lat=\"8.402902\" lon=\"48.539269\"/>\n\t\t<vertex lat=\"8.802979\" lon=\"48.408585\"/>\n\t</polygon>
1585962978;\t<polygon id=\"1585962978\" visited=\";\">\n\t\t<vertex lat=\"7.046898\" lon=\"51.531920\"/>\n\t\t<vertex lat=\"7.011843\" lon=\"51.559462\"/>\n\t\t<vertex lat=\"7.009373\" lon=\"51.566335\"/>\n\t\t<vertex lat=\"6.940978\" lon=\"51.811363\"/>\n\t\t<vertex lat=\"7.020545\" lon=\"51.823288\"/>\n\t\t<vertex lat=\"7.187573\" lon=\"51.707973\"/>\n\t\t<vertex lat=\"7.198308\" lon=\"51.667811\"/>\n\t\t<vertex lat=\"7.153103\" lon=\"51.541739\"/>\n\t\t<vertex lat=\"7.046898\" lon=\"51.531920\"/>\n\t</polygon>
1606974080;\t<polygon id=\"1606974080\" visited=\";\">\n\t\t<vertex lat=\"15.425538\" lon=\"52.865186\"/>\n\t\t<vertex lat=\"15.425538\" lon=\"48.682384\"/>\n\t\t<vertex lat=\"15.425538\" lon=\"48.682384\"/>\n\t\t<vertex lat=\"14.429591\" lon=\"49.282915\"/>\n\t\t<vertex lat=\"13.951287\" lon=\"51.806591\"/>\n\t\t<vertex lat=\"15.425538\" lon=\"52.865186\"/>\n\t</polygon>
1629795626;\t<polygon id=\"1629795626\" visited=\";\">\n\t\t<vertex lat=\"12.160348\" lon=\"51.096085\"/>\n\t\t<vertex lat=\"12.760439\" lon=\"51.303997\"/>\n\t\t<vertex lat=\"12.825591\" lon=\"51.233377\"/>\n\t\t<vertex lat=\"12.692184\" lon=\"50.917180\"/>\n\t\t<vertex lat=\"12.057451\" lon=\"50.895152\"/>\n\t\t<vertex lat=\"12.160348\" lon=\"51.096085\"/>\n\t</polygon>
1639582145;\t<polygon id=\"1639582145\" visited=\";\">\n\t\t<vertex lat=\"10.195245\" lon=\"53.273006\"/>\n\t\t<vertex lat=\"10.158290\" lon=\"53.340688\"/>\n\t\t<vertex lat=\"10.091190\" lon=\"53.801108\"/>\n\t\t<vertex lat=\"10.096110\" lon=\"53.938375\"/>\n\t\t<vertex lat=\"10.263239\" lon=\"53.946768\"/>\n\t\t<vertex lat=\"10.823505\" lon=\"53.042509\"/>\n\t\t<vertex lat=\"10.800163\" lon=\"53.035537\"/>\n\t\t<vertex lat=\"10.195245\" lon=\"53.273006\"/>\n\t</polygon>
1640118281;\t<polygon id=\"1640118281\" visited=\";\">\n\t\t<vertex lat=\"6.785297\" lon=\"51.197797\"/>\n\t\t<vertex lat=\"6.736628\" lon=\"51.244571\"/>\n\t\t<vertex lat=\"6.736616\" lon=\"51.245613\"/>\n\t\t<vertex lat=\"6.768768\" lon=\"51.251628\"/>\n\t\t<vertex lat=\"6.779237\" lon=\"51.243491\"/>\n\t\t<vertex lat=\"6.785297\" lon=\"51.197797\"/>\n\t</polygon>
1650599974;\t<polygon id=\"1650599974\" visited=\";\">\n\t\t<vertex lat=\"6.794003\" lon=\"51.184568\"/>\n\t\t<vertex lat=\"6.785297\" lon=\"51.197797\"/>\n\t\t<vertex lat=\"6.779237\" lon=\"51.243491\"/>\n\t\t<vertex lat=\"6.809519\" lon=\"51.235092\"/>\n\t\t<vertex lat=\"6.794003\" lon=\"51.184568\"/>\n\t</polygon>
1722876904;\t<polygon id=\"1722876904\" visited=\";\">\n\t\t<vertex lat=\"9.062455\" lon=\"49.806657\"/>\n\t\t<vertex lat=\"8.439129\" lon=\"49.963779\"/>\n\t\t<vertex lat=\"8.462417\" lon=\"50.115843\"/>\n\t\t<vertex lat=\"9.092374\" lon=\"49.827184\"/>\n\t\t<vertex lat=\"9.089345\" lon=\"49.810373\"/>\n\t\t<vertex lat=\"9.062455\" lon=\"49.806657\"/>\n\t</polygon>
1786979618;\t<polygon id=\"1786979618\" visited=\";\">\n\t\t<vertex lat=\"12.711192\" lon=\"49.573807\"/>\n\t\t<vertex lat=\"13.014799\" lon=\"49.578165\"/>\n\t\t<vertex lat=\"13.214302\" lon=\"49.456676\"/>\n\t\t<vertex lat=\"12.338176\" lon=\"48.676010\"/>\n\t\t<vertex lat=\"12.145274\" lon=\"48.833751\"/>\n\t\t<vertex lat=\"11.948910\" lon=\"49.064842\"/>\n\t\t<vertex lat=\"12.711192\" lon=\"49.573807\"/>\n\t</polygon>
1957442288;\t<polygon id=\"1957442288\" visited=\";\">\n\t\t<vertex lat=\"7.417110\" lon=\"51.758419\"/>\n\t\t<vertex lat=\"7.231960\" lon=\"52.042605\"/>\n\t\t<vertex lat=\"7.272882\" lon=\"52.128854\"/>\n\t\t<vertex lat=\"7.476437\" lon=\"52.112784\"/>\n\t\t<vertex lat=\"7.556476\" lon=\"51.724161\"/>\n\t\t<vertex lat=\"7.417110\" lon=\"51.758419\"/>\n\t</polygon>
1962917546;\t<polygon id=\"1962917546\" visited=\";\">\n\t\t<vertex lat=\"12.264368\" lon=\"51.651733\"/>\n\t\t<vertex lat=\"12.379358\" lon=\"51.339064\"/>\n\t\t<vertex lat=\"12.386543\" lon=\"51.300010\"/>\n\t\t<vertex lat=\"12.161094\" lon=\"51.099831\"/>\n\t\t<vertex lat=\"12.184387\" lon=\"51.420313\"/>\n\t\t<vertex lat=\"12.264368\" lon=\"51.651733\"/>\n\t</polygon>
2035568148;\t<polygon id=\"2035568148\" visited=\";\">\n\t\t<vertex lat=\"9.780497\" lon=\"53.163934\"/>\n\t\t<vertex lat=\"9.629276\" lon=\"53.026433\"/>\n\t\t<vertex lat=\"9.609390\" lon=\"53.027836\"/>\n\t\t<vertex lat=\"9.239822\" lon=\"53.991307\"/>\n\t\t<vertex lat=\"9.439741\" lon=\"54.039503\"/>\n\t\t<vertex lat=\"9.497393\" lon=\"54.017004\"/>\n\t\t<vertex lat=\"9.752769\" lon=\"53.638596\"/>\n\t\t<vertex lat=\"9.780497\" lon=\"53.163934\"/>\n\t</polygon>
2128155089;\t<polygon id=\"2128155089\" visited=\";\">\n\t\t<vertex lat=\"12.715328\" lon=\"50.468151\"/>\n\t\t<vertex lat=\"12.773129\" lon=\"50.726276\"/>\n\t\t<vertex lat=\"13.392878\" lon=\"50.792330\"/>\n\t\t<vertex lat=\"14.315200\" lon=\"49.325637\"/>\n\t\t<vertex lat=\"13.214302\" lon=\"49.456676\"/>\n\t\t<vertex lat=\"13.014799\" lon=\"49.578165\"/>\n\t\t<vertex lat=\"12.804167\" lon=\"49.910133\"/>\n\t\t<vertex lat=\"12.715328\" lon=\"50.468151\"/>\n\t</polygon>
2203077778;\t<polygon id=\"2203077778\" visited=\";\">\n\t\t<vertex lat=\"9.266535\" lon=\"48.970904\"/>\n\t\t<vertex lat=\"9.357591\" lon=\"48.817887\"/>\n\t\t<vertex lat=\"9.228230\" lon=\"48.663289\"/>\n\t\t<vertex lat=\"9.166630\" lon=\"48.647743\"/>\n\t\t<vertex lat=\"9.148187\" lon=\"48.703630\"/>\n\t\t<vertex lat=\"9.266535\" lon=\"48.970904\"/>\n\t</polygon>
2218985089;\t<polygon id=\"2218985089\" visited=\";\">\n\t\t<vertex lat=\"6.924112\" lon=\"51.031826\"/>\n\t\t<vertex lat=\"6.930212\" lon=\"50.773950\"/>\n\t\t<vertex lat=\"6.850430\" lon=\"50.688426\"/>\n\t\t<vertex lat=\"6.820030\" lon=\"51.006619\"/>\n\t\t<vertex lat=\"6.924112\" lon=\"51.031826\"/>\n\t</polygon>
2378753552;\t<polygon id=\"2378753552\" visited=\";\">\n\t\t<vertex lat=\"10.195893\" lon=\"51.880306\"/>\n\t\t<vertex lat=\"10.566238\" lon=\"51.532583\"/>\n\t\t<vertex lat=\"10.215482\" lon=\"51.084970\"/>\n\t\t<vertex lat=\"10.026532\" lon=\"50.989791\"/>\n\t\t<vertex lat=\"9.872168\" lon=\"51.029250\"/>\n\t\t<vertex lat=\"9.514741\" lon=\"51.806831\"/>\n\t\t<vertex lat=\"10.195893\" lon=\"51.880306\"/>\n\t</polygon>
2413048669;\t<polygon id=\"2413048669\" visited=\";\">\n\t\t<vertex lat=\"12.379358\" lon=\"51.339064\"/>\n\t\t<vertex lat=\"12.497060\" lon=\"51.794205\"/>\n\t\t<vertex lat=\"12.562853\" lon=\"51.761935\"/>\n\t\t<vertex lat=\"12.657384\" lon=\"51.505140\"/>\n\t\t<vertex lat=\"12.386543\" lon=\"51.300010\"/>\n\t\t<vertex lat=\"12.379358\" lon=\"51.339064\"/>\n\t</polygon>
2475780313;\t<polygon id=\"2475780313\" visited=\";\">\n\t\t<vertex lat=\"11.948408\" lon=\"48.561998\"/>\n\t\t<vertex lat=\"12.294125\" lon=\"48.580277\"/>\n\t\t<vertex lat=\"12.464821\" lon=\"47.027228\"/>\n\t\t<vertex lat=\"11.830509\" lon=\"48.050877\"/>\n\t\t<vertex lat=\"11.771894\" lon=\"48.188935\"/>\n\t\t<vertex lat=\"11.948408\" lon=\"48.561998\"/>\n\t</polygon>
2532898414;\t<polygon id=\"2532898414\" visited=\";\">\n\t\t<vertex lat=\"13.268440\" lon=\"52.538220\"/>\n\t\t<vertex lat=\"13.318898\" lon=\"52.550843\"/>\n\t\t<vertex lat=\"13.319649\" lon=\"52.476246\"/>\n\t\t<vertex lat=\"13.317047\" lon=\"52.437300\"/>\n\t\t<vertex lat=\"13.258140\" lon=\"52.390930\"/>\n\t\t<vertex lat=\"13.229119\" lon=\"52.427818\"/>\n\t\t<vertex lat=\"13.268440\" lon=\"52.538220\"/>\n\t</polygon>
2580768549;\t<polygon id=\"2580768549\" visited=\";\">\n\t\t<vertex lat=\"6.939786\" lon=\"51.409649\"/>\n\t\t<vertex lat=\"6.928653\" lon=\"51.339467\"/>\n\t\t<vertex lat=\"6.863553\" lon=\"51.362661\"/>\n\t\t<vertex lat=\"6.704551\" lon=\"51.447889\"/>\n\t\t<vertex lat=\"6.474802\" lon=\"51.905429\"/>\n\t\t<vertex lat=\"6.680614\" lon=\"51.855700\"/>\n\t\t<vertex lat=\"6.907604\" lon=\"51.501538\"/>\n\t\t<vertex lat=\"6.939786\" lon=\"51.409649\"/>\n\t</polygon>
2599061768;\t<polygon id=\"2599061768\" visited=\";\">\n\t\t<vertex lat=\"10.037450\" lon=\"53.277184\"/>\n\t\t<vertex lat=\"9.820060\" lon=\"53.189969\"/>\n\t\t<vertex lat=\"9.850019\" lon=\"53.509141\"/>\n\t\t<vertex lat=\"10.037450\" lon=\"53.277184\"/>\n\t</polygon>
2613801952;\t<polygon id=\"2613801952\" visited=\";\">\n\t\t<vertex lat=\"13.364176\" lon=\"52.563255\"/>\n\t\t<vertex lat=\"13.358138\" lon=\"52.574017\"/>\n\t\t<vertex lat=\"13.504675\" lon=\"53.477580\"/>\n\t\t<vertex lat=\"15.142938\" lon=\"53.791670\"/>\n\t\t<vertex lat=\"13.676375\" lon=\"52.667527\"/>\n\t\t<vertex lat=\"13.415218\" lon=\"52.541805\"/>\n\t\t<vertex lat=\"13.368567\" lon=\"52.556102\"/>\n\t\t<vertex lat=\"13.364176\" lon=\"52.563255\"/>\n\t</polygon>
2667499052;\t<polygon id=\"2667499052\" visited=\";\">\n\t\t<vertex lat=\"6.768768\" lon=\"51.251628\"/>\n\t\t<vertex lat=\"6.736616\" lon=\"51.245613\"/>\n\t\t<vertex lat=\"6.671377\" lon=\"51.328892\"/>\n\t\t<vertex lat=\"6.704551\" lon=\"51.447889\"/>\n\t\t<vertex lat=\"6.863553\" lon=\"51.362661\"/>\n\t\t<vertex lat=\"6.768768\" lon=\"51.251628\"/>\n\t</polygon>
2706271719;\t<polygon id=\"2706271719\" visited=\";\">\n\t\t<vertex lat=\"8.561781\" lon=\"51.992262\"/>\n\t\t<vertex lat=\"8.926320\" lon=\"52.030216\"/>\n\t\t<vertex lat=\"8.707540\" lon=\"51.856421\"/>\n\t\t<vertex lat=\"8.495285\" lon=\"51.856639\"/>\n\t\t<vertex lat=\"8.494436\" lon=\"51.860305\"/>\n\t\t<vertex lat=\"8.529569\" lon=\"51.974432\"/>\n\t\t<vertex lat=\"8.561781\" lon=\"51.992262\"/>\n\t</polygon>
2756081061;\t<polygon id=\"2756081061\" visited=\";\">\n\t\t<vertex lat=\"11.227150\" lon=\"49.700195\"/>\n\t\t<vertex lat=\"11.103066\" lon=\"49.580314\"/>\n\t\t<vertex lat=\"10.406992\" lon=\"49.681041\"/>\n\t\t<vertex lat=\"10.325568\" lon=\"49.865004\"/>\n\t\t<vertex lat=\"10.675125\" lon=\"50.073541\"/>\n\t\t<vertex lat=\"11.208381\" lon=\"49.829638\"/>\n\t\t<vertex lat=\"11.227150\" lon=\"49.700195\"/>\n\t</polygon>
2940506268;\t<polygon id=\"2940506268\" visited=\";\">\n\t\t<vertex lat=\"8.494436\" lon=\"51.860305\"/>\n\t\t<vertex lat=\"8.495285\" lon=\"51.856639\"/>\n\t\t<vertex lat=\"8.355734\" lon=\"51.675448\"/>\n\t\t<vertex lat=\"8.306217\" lon=\"51.633133\"/>\n\t\t<vertex lat=\"8.125203\" lon=\"51.666828\"/>\n\t\t<vertex lat=\"8.001524\" lon=\"51.750537\"/>\n\t\t<vertex lat=\"8.021343\" lon=\"51.928376\"/>\n\t\t<vertex lat=\"8.269913\" lon=\"52.160839\"/>\n\t\t<vertex lat=\"8.494436\" lon=\"51.860305\"/>\n\t</polygon>
2990091628;\t<polygon id=\"2990091628\" visited=\";\">\n\t\t<vertex lat=\"6.809519\" lon=\"51.235092\"/>\n\t\t<vertex lat=\"6.779237\" lon=\"51.243491\"/>\n\t\t<vertex lat=\"6.768768\" lon=\"51.251628\"/>\n\t\t<vertex lat=\"6.863553\" lon=\"51.362661\"/>\n\t\t<vertex lat=\"6.928653\" lon=\"51.339467\"/>\n\t\t<vertex lat=\"6.932093\" lon=\"51.335868\"/>\n\t\t<vertex lat=\"6.809519\" lon=\"51.235092\"/>\n\t</polygon>
3048271221;\t<polygon id=\"3048271221\" visited=\";\">\n\t\t<vertex lat=\"8.850342\" lon=\"52.880715\"/>\n\t\t<vertex lat=\"8.681199\" lon=\"53.291801\"/>\n\t\t<vertex lat=\"8.947880\" lon=\"53.421898\"/>\n\t\t<vertex lat=\"8.850342\" lon=\"52.880715\"/>\n\t</polygon>
3056477844;\t<polygon id=\"3056477844\" visited=\";\">\n\t\t<vertex lat=\"13.364176\" lon=\"52.563255\"/>\n\t\t<vertex lat=\"13.319649\" lon=\"52.476246\"/>\n\t\t<vertex lat=\"13.318898\" lon=\"52.550843\"/>\n\t\t<vertex lat=\"13.358138\" lon=\"52.574017\"/>\n\t\t<vertex lat=\"13.364176\" lon=\"52.563255\"/>\n\t</polygon>
3123148812;\t<polygon id=\"3123148812\" visited=\";\">\n\t\t<vertex lat=\"7.014265\" lon=\"51.271125\"/>\n\t\t<vertex lat=\"6.795538\" lon=\"51.174336\"/>\n\t\t<vertex lat=\"6.794003\" lon=\"51.184568\"/>\n\t\t<vertex lat=\"6.809519\" lon=\"51.235092\"/>\n\t\t<vertex lat=\"6.932093\" lon=\"51.335868\"/>\n\t\t<vertex lat=\"7.014265\" lon=\"51.271125\"/>\n\t</polygon>
3147983476;\t<polygon id=\"3147983476\" visited=\";\">\n\t\t<vertex lat=\"8.874094\" lon=\"52.497439\"/>\n\t\t<vertex lat=\"8.850099\" lon=\"52.506737\"/>\n\t\t<vertex lat=\"8.850342\" lon=\"52.880715\"/>\n\t\t<vertex lat=\"8.947880\" lon=\"53.421898\"/>\n\t\t<vertex lat=\"8.978998\" lon=\"53.445935\"/>\n\t\t<vertex lat=\"9.068002\" lon=\"53.245221\"/>\n\t\t<vertex lat=\"8.874094\" lon=\"52.497439\"/>\n\t</polygon>
3160068704;\t<polygon id=\"3160068704\" visited=\";\">\n\t\t<vertex lat=\"8.741357\" lon=\"48.860307\"/>\n\t\t<vertex lat=\"9.160493\" lon=\"48.640180\"/>\n\t\t<vertex lat=\"9.048028\" lon=\"48.431877\"/>\n\t\t<vertex lat=\"8.942600\" lon=\"48.469781\"/>\n\t\t<vertex lat=\"8.741357\" lon=\"48.860307\"/>\n\t</polygon>
3167656606;\t<polygon id=\"3167656606\" visited=\";\">\n\t\t<vertex lat=\"13.446255\" lon=\"52.509907\"/>\n\t\t<vertex lat=\"13.477965\" lon=\"52.501779\"/>\n\t\t<vertex lat=\"13.449354\" lon=\"52.422595\"/>\n\t\t<vertex lat=\"13.374682\" lon=\"52.464817\"/>\n\t\t<vertex lat=\"13.379977\" lon=\"52.490933\"/>\n\t\t<vertex lat=\"13.446255\" lon=\"52.509907\"/>\n\t</polygon>
3209086451;\t<polygon id=\"3209086451\" visited=\";\">\n\t\t<vertex lat=\"8.529569\" lon=\"51.974432\"/>\n\t\t<vertex lat=\"8.494436\" lon=\"51.860305\"/>\n\t\t<vertex lat=\"8.269913\" lon=\"52.160839\"/>\n\t\t<vertex lat=\"8.318096\" lon=\"52.231452\"/>\n\t\t<vertex lat=\"8.529569\" lon=\"51.974432\"/>\n\t</polygon>
3288389647;\t<polygon id=\"3288389647\" visited=\";\">\n\t\t<vertex lat=\"6.795538\" lon=\"51.174336\"/>\n\t\t<vertex lat=\"6.795424\" lon=\"51.174088\"/>\n\t\t<vertex lat=\"6.700024\" lon=\"51.129455\"/>\n\t\t<vertex lat=\"6.736628\" lon=\"51.244571\"/>\n\t\t<vertex lat=\"6.785297\" lon=\"51.197797\"/>\n\t\t<vertex lat=\"6.794003\" lon=\"51.184568\"/>\n\t\t<vertex lat=\"6.795538\" lon=\"51.174336\"/>\n\t</polygon>
3624017503;\t<polygon id=\"3624017503\" visited=\";\">\n\t\t<vertex lat=\"9.850019\" lon=\"53.509141\"/>\n\t\t<vertex lat=\"9.820060\" lon=\"53.189969\"/>\n\t\t<vertex lat=\"9.780497\" lon=\"53.163934\"/>\n\t\t<vertex lat=\"9.752769\" lon=\"53.638596\"/>\n\t\t<vertex lat=\"9.833423\" lon=\"53.545169\"/>\n\t\t<vertex lat=\"9.850019\" lon=\"53.509141\"/>\n\t</polygon>
3642202624;\t<polygon id=\"3642202624\" visited=\";\">\n\t\t<vertex lat=\"7.014265\" lon=\"51.271125\"/>\n\t\t<vertex lat=\"7.043443\" lon=\"51.254203\"/>\n\t\t<vertex lat=\"7.079612\" lon=\"51.149814\"/>\n\t\t<vertex lat=\"7.019215\" lon=\"51.115335\"/>\n\t\t<vertex lat=\"6.832626\" lon=\"51.130851\"/>\n\t\t<vertex lat=\"6.795424\" lon=\"51.174088\"/>\n\t\t<vertex lat=\"6.795538\" lon=\"51.174336\"/>\n\t\t<vertex lat=\"7.014265\" lon=\"51.271125\"/>\n\t</polygon>
3771525336;\t<polygon id=\"3771525336\" visited=\";\">\n\t\t<vertex lat=\"6.700024\" lon=\"51.129455\"/>\n\t\t<vertex lat=\"6.608877\" lon=\"51.043445\"/>\n\t\t<vertex lat=\"6.401257\" lon=\"50.989398\"/>\n\t\t<vertex lat=\"6.400319\" lon=\"50.990673\"/>\n\t\t<vertex lat=\"6.671377\" lon=\"51.328892\"/>\n\t\t<vertex lat=\"6.736616\" lon=\"51.245613\"/>\n\t\t<vertex lat=\"6.736628\" lon=\"51.244571\"/>\n\t\t<vertex lat=\"6.700024\" lon=\"51.129455\"/>\n\t</polygon>
3826710257;\t<polygon id=\"3826710257\" visited=\";\">\n\t\t<vertex lat=\"8.979993\" lon=\"55.907828\"/>\n\t\t<vertex lat=\"8.781443\" lon=\"54.286596\"/>\n\t\t<vertex lat=\"7.958057\" lon=\"54.115555\"/>\n\t\t<vertex lat=\"5.847969\" lon=\"54.584753\"/>\n\t\t<vertex lat=\"5.087326\" lon=\"54.960030\"/>\n\t\t<vertex lat=\"5.087326\" lon=\"54.960030\"/>\n\t\t<vertex lat=\"5.087326\" lon=\"55.907828\"/>\n\t\t<vertex lat=\"8.979993\" lon=\"55.907828\"/>\n\t\t<vertex lat=\"8.979993\" lon=\"55.907828\"/>\n\t</polygon>
3986732892;\t<polygon id=\"3986732892\" visited=\";\">\n\t\t<vertex lat=\"7.046898\" lon=\"51.531920\"/>\n\t\t<vertex lat=\"7.116175\" lon=\"51.357810\"/>\n\t\t<vertex lat=\"7.043443\" lon=\"51.254203\"/>\n\t\t<vertex lat=\"7.014265\" lon=\"51.271125\"/>\n\t\t<vertex lat=\"6.932093\" lon=\"51.335868\"/>\n\t\t<vertex lat=\"6.928653\" lon=\"51.339467\"/>\n\t\t<vertex lat=\"6.939786\" lon=\"51.409649\"/>\n\t\t<vertex lat=\"7.011843\" lon=\"51.559462\"/>\n\t\t<vertex lat=\"7.046898\" lon=\"51.531920\"/>\n\t</polygon>
4125232940;\t<polygon id=\"4125232940\" visited=\";\">\n\t\t<vertex lat=\"9.148187\" lon=\"48.703630\"/>\n\t\t<vertex lat=\"9.166630\" lon=\"48.647743\"/>\n\t\t<vertex lat=\"9.160493\" lon=\"48.640180\"/>\n\t\t<vertex lat=\"8.741357\" lon=\"48.860307\"/>\n\t\t<vertex lat=\"8.737379\" lon=\"48.866499\"/>\n\t\t<vertex lat=\"8.880198\" lon=\"49.034894\"/>\n\t\t<vertex lat=\"9.115823\" lon=\"48.759871\"/>\n\t\t<vertex lat=\"9.148187\" lon=\"48.703630\"/>\n\t</polygon>
4127557127;\t<polygon id=\"4127557127\" visited=\";\">\n\t\t<vertex lat=\"8.223304\" lon=\"48.342548\"/>\n\t\t<vertex lat=\"8.177315\" lon=\"48.219751\"/>\n\t\t<vertex lat=\"7.937834\" lon=\"48.174056\"/>\n\t\t<vertex lat=\"7.747525\" lon=\"48.141642\"/>\n\t\t<vertex lat=\"6.862206\" lon=\"48.314570\"/>\n\t\t<vertex lat=\"7.289475\" lon=\"48.671061\"/>\n\t\t<vertex lat=\"7.584718\" lon=\"48.871756\"/>\n\t\t<vertex lat=\"7.674845\" lon=\"48.801093\"/>\n\t\t<vertex lat=\"8.223304\" lon=\"48.342548\"/>\n\t</polygon>
4155915054;\t<polygon id=\"4155915054\" visited=\";\">\n\t\t<vertex lat=\"10.037450\" lon=\"53.277184\"/>\n\t\t<vertex lat=\"9.850019\" lon=\"53.509141\"/>\n\t\t<vertex lat=\"9.833423\" lon=\"53.545169\"/>\n\t\t<vertex lat=\"10.050552\" lon=\"53.491602\"/>\n\t\t<vertex lat=\"10.158290\" lon=\"53.340688\"/>\n\t\t<vertex lat=\"10.195245\" lon=\"53.273006\"/>\n\t\t<vertex lat=\"10.037450\" lon=\"53.277184\"/>\n\t</polygon>
4241588490;\t<polygon id=\"4241588490\" visited=\";\">\n\t\t<vertex lat=\"9.730905\" lon=\"48.218215\"/>\n\t\t<vertex lat=\"9.993204\" lon=\"47.874457\"/>\n\t\t<vertex lat=\"9.964980\" lon=\"47.837597\"/>\n\t\t<vertex lat=\"9.331952\" lon=\"47.841086\"/>\n\t\t<vertex lat=\"9.124722\" lon=\"48.019751\"/>\n\t\t<vertex lat=\"9.193870\" lon=\"48.202735\"/>\n\t\t<vertex lat=\"9.539894\" lon=\"48.339546\"/>\n\t\t<vertex lat=\"9.730905\" lon=\"48.218215\"/>\n\t</polygon>
4716785114;\t<polygon id=\"4716785114\" visited=\";\">\n\t\t<vertex lat=\"9.964862\" lon=\"49.002160\"/>\n\t\t<vertex lat=\"10.420023\" lon=\"48.530135\"/>\n\t\t<vertex lat=\"10.003551\" lon=\"48.619389\"/>\n\t\t<vertex lat=\"9.751174\" lon=\"48.841985\"/>\n\t\t<vertex lat=\"9.776886\" lon=\"48.997850\"/>\n\t\t<vertex lat=\"9.964862\" lon=\"49.002160\"/>\n\t</polygon>
5189296420;\t<polygon id=\"5189296420\" visited=\";\">\n\t\t<vertex lat=\"8.589071\" lon=\"49.665389\"/>\n\t\t<vertex lat=\"8.443447\" lon=\"49.670401\"/>\n\t\t<vertex lat=\"8.311053\" lon=\"49.716079\"/>\n\t\t<vertex lat=\"8.412640\" lon=\"49.878277\"/>\n\t\t<vertex lat=\"8.980371\" lon=\"49.790815\"/>\n\t\t<vertex lat=\"8.589071\" lon=\"49.665389\"/>\n\t</polygon>
5216670444;\t<polygon id=\"5216670444\" visited=\";\">\n\t\t<vertex lat=\"11.782128\" lon=\"55.907828\"/>\n\t\t<vertex lat=\"11.782128\" lon=\"55.907827\"/>\n\t\t<vertex lat=\"11.432806\" lon=\"53.778113\"/>\n\t\t<vertex lat=\"10.485043\" lon=\"54.211467\"/>\n\t\t<vertex lat=\"10.511323\" lon=\"54.746186\"/>\n\t\t<vertex lat=\"10.965527\" lon=\"55.907828\"/>\n\t\t<vertex lat=\"10.965527\" lon=\"55.907828\"/>\n\t\t<vertex lat=\"11.782128\" lon=\"55.907828\"/>\n\t</polygon>
5471628759;\t<polygon id=\"5471628759\" visited=\";\">\n\t\t<vertex lat=\"8.402902\" lon=\"48.539269\"/>\n\t\t<vertex lat=\"8.228539\" lon=\"48.345005\"/>\n\t\t<vertex lat=\"8.223304\" lon=\"48.342548\"/>\n\t\t<vertex lat=\"7.674845\" lon=\"48.801093\"/>\n\t\t<vertex lat=\"8.413960\" lon=\"48.788014\"/>\n\t\t<vertex lat=\"8.485882\" lon=\"48.736037\"/>\n\t\t<vertex lat=\"8.402902\" lon=\"48.539269\"/>\n\t</polygon>
5473728608;\t<polygon id=\"5473728608\" visited=\";\">\n\t\t<vertex lat=\"7.747525\" lon=\"48.141642\"/>\n\t\t<vertex lat=\"7.799241\" lon=\"47.906982\"/>\n\t\t<vertex lat=\"8.064178\" lon=\"46.425772\"/>\n\t\t<vertex lat=\"5.087326\" lon=\"46.425772\"/>\n\t\t<vertex lat=\"5.087326\" lon=\"47.295787\"/>\n\t\t<vertex lat=\"6.575329\" lon=\"48.154638\"/>\n\t\t<vertex lat=\"6.862206\" lon=\"48.314570\"/>\n\t\t<vertex lat=\"7.747525\" lon=\"48.141642\"/>\n\t</polygon>
6119608255;\t<polygon id=\"6119608255\" visited=\";\">\n\t\t<vertex lat=\"11.888870\" lon=\"49.651894\"/>\n\t\t<vertex lat=\"11.910462\" lon=\"49.613085\"/>\n\t\t<vertex lat=\"11.638256\" lon=\"49.270354\"/>\n\t\t<vertex lat=\"11.542028\" lon=\"49.219027\"/>\n\t\t<vertex lat=\"11.306628\" lon=\"49.545735\"/>\n\t\t<vertex lat=\"11.227150\" lon=\"49.700195\"/>\n\t\t<vertex lat=\"11.208381\" lon=\"49.829638\"/>\n\t\t<vertex lat=\"11.349401\" lon=\"49.894880\"/>\n\t\t<vertex lat=\"11.888870\" lon=\"49.651894\"/>\n\t</polygon>
6203453129;\t<polygon id=\"6203453129\" visited=\";\">\n\t\t<vertex lat=\"11.049722\" lon=\"49.522898\"/>\n\t\t<vertex lat=\"11.034422\" lon=\"49.218180\"/>\n\t\t<vertex lat=\"10.977156\" lon=\"48.931507\"/>\n\t\t<vertex lat=\"10.711753\" lon=\"48.957573\"/>\n\t\t<vertex lat=\"10.591445\" lon=\"49.143513\"/>\n\t\t<vertex lat=\"10.494095\" lon=\"49.482963\"/>\n\t\t<vertex lat=\"11.048778\" lon=\"49.526321\"/>\n\t\t<vertex lat=\"11.049722\" lon=\"49.522898\"/>\n\t</polygon>
6581325221;\t<polygon id=\"6581325221\" visited=\";\">\n\t\t<vertex lat=\"6.430445\" lon=\"49.943835\"/>\n\t\t<vertex lat=\"6.952148\" lon=\"49.822065\"/>\n\t\t<vertex lat=\"7.047408\" lon=\"49.335793\"/>\n\t\t<vertex lat=\"6.575329\" lon=\"48.154638\"/>\n\t\t<vertex lat=\"5.087326\" lon=\"47.295787\"/>\n\t\t<vertex lat=\"5.087326\" lon=\"49.153847\"/>\n\t\t<vertex lat=\"5.087326\" lon=\"49.153847\"/>\n\t\t<vertex lat=\"6.430445\" lon=\"49.943835\"/>\n\t</polygon>
6596610111;\t<polygon id=\"6596610111\" visited=\";\">\n\t\t<vertex lat=\"11.982687\" lon=\"50.837182\"/>\n\t\t<vertex lat=\"11.989212\" lon=\"50.826896\"/>\n\t\t<vertex lat=\"12.175197\" lon=\"50.298671\"/>\n\t\t<vertex lat=\"11.843203\" lon=\"50.055478\"/>\n\t\t<vertex lat=\"11.549025\" lon=\"50.285712\"/>\n\t\t<vertex lat=\"11.451240\" lon=\"50.635970\"/>\n\t\t<vertex lat=\"11.636084\" lon=\"50.871225\"/>\n\t\t<vertex lat=\"11.982687\" lon=\"50.837182\"/>\n\t</polygon>
6875105353;\t<polygon id=\"6875105353\" visited=\";\">\n\t\t<vertex lat=\"7.726540\" lon=\"52.279634\"/>\n\t\t<vertex lat=\"8.021343\" lon=\"51.928376\"/>\n\t\t<vertex lat=\"8.001524\" lon=\"51.750537\"/>\n\t\t<vertex lat=\"7.882890\" lon=\"51.689578\"/>\n\t\t<vertex lat=\"7.512283\" lon=\"52.131963\"/>\n\t\t<vertex lat=\"7.726540\" lon=\"52.279634\"/>\n\t</polygon>
6944676017;\t<polygon id=\"6944676017\" visited=\";\">\n\t\t<vertex lat=\"7.046898\" lon=\"51.531920\"/>\n\t\t<vertex lat=\"7.153103\" lon=\"51.541739\"/>\n\t\t<vertex lat=\"7.188639\" lon=\"51.411295\"/>\n\t\t<vertex lat=\"7.116175\" lon=\"51.357810\"/>\n\t\t<vertex lat=\"7.046898\" lon=\"51.531920\"/>\n\t</polygon>
7245193457;\t<polygon id=\"7245193457\" visited=\";\">\n\t\t<vertex lat=\"12.791645\" lon=\"53.398004\"/>\n\t\t<vertex lat=\"12.757880\" lon=\"53.550435\"/>\n\t\t<vertex lat=\"13.784569\" lon=\"55.907828\"/>\n\t\t<vertex lat=\"15.425538\" lon=\"55.907828\"/>\n\t\t<vertex lat=\"15.425538\" lon=\"53.855069\"/>\n\t\t<vertex lat=\"15.142938\" lon=\"53.791670\"/>\n\t\t<vertex lat=\"13.504675\" lon=\"53.477580\"/>\n\t\t<vertex lat=\"12.791645\" lon=\"53.398004\"/>\n\t</polygon>
7406295669;\t<polygon id=\"7406295669\" visited=\";\">\n\t\t<vertex lat=\"8.492129\" lon=\"49.235352\"/>\n\t\t<vertex lat=\"8.436304\" lon=\"49.114009\"/>\n\t\t<vertex lat=\"8.361504\" lon=\"49.120893\"/>\n\t\t<vertex lat=\"8.213709\" lon=\"49.184804\"/>\n\t\t<vertex lat=\"8.294339\" lon=\"49.337923\"/>\n\t\t<vertex lat=\"8.492129\" lon=\"49.235352\"/>\n\t</polygon>
7466157975;\t<polygon id=\"7466157975\" visited=\";\">\n\t\t<vertex lat=\"8.361504\" lon=\"49.120893\"/>\n\t\t<vertex lat=\"8.269116\" lon=\"48.908394\"/>\n\t\t<vertex lat=\"7.939685\" lon=\"49.064614\"/>\n\t\t<vertex lat=\"8.213709\" lon=\"49.184804\"/>\n\t\t<vertex lat=\"8.361504\" lon=\"49.120893\"/>\n\t</polygon>
7470487358;\t<polygon id=\"7470487358\" visited=\";\">\n\t\t<vertex lat=\"8.294317\" lon=\"49.387074\"/>\n\t\t<vertex lat=\"8.294339\" lon=\"49.337923\"/>\n\t\t<vertex lat=\"8.213709\" lon=\"49.184804\"/>\n\t\t<vertex lat=\"7.939685\" lon=\"49.064614\"/>\n\t\t<vertex lat=\"7.665201\" lon=\"49.054179\"/>\n\t\t<vertex lat=\"7.620496\" lon=\"49.705627\"/>\n\t\t<vertex lat=\"7.708637\" lon=\"49.754709\"/>\n\t\t<vertex lat=\"8.169440\" lon=\"49.676546\"/>\n\t\t<vertex lat=\"8.294317\" lon=\"49.387074\"/>\n\t</polygon>
7603568871;\t<polygon id=\"7603568871\" visited=\";\">\n\t\t<vertex lat=\"7.231960\" lon=\"52.042605\"/>\n\t\t<vertex lat=\"7.020545\" lon=\"51.823288\"/>\n\t\t<vertex lat=\"6.940978\" lon=\"51.811363\"/>\n\t\t<vertex lat=\"6.680614\" lon=\"51.855700\"/>\n\t\t<vertex lat=\"6.474802\" lon=\"51.905429\"/>\n\t\t<vertex lat=\"5.429805\" lon=\"52.541846\"/>\n\t\t<vertex lat=\"7.209360\" lon=\"52.238320\"/>\n\t\t<vertex lat=\"7.272882\" lon=\"52.128854\"/>\n\t\t<vertex lat=\"7.231960\" lon=\"52.042605\"/>\n\t</polygon>
8077432564;\t<polygon id=\"8077432564\" visited=\";\">\n\t\t<vertex lat=\"11.177712\" lon=\"51.209298\"/>\n\t\t<vertex lat=\"10.896916\" lon=\"50.845995\"/>\n\t\t<vertex lat=\"10.653172\" lon=\"51.546539\"/>\n\t\t<vertex lat=\"10.689489\" lon=\"51.561264\"/>\n\t\t<vertex lat=\"11.177712\" lon=\"51.209298\"/>\n\t</polygon>
8091254461;\t<polygon id=\"8091254461\" visited=\";\">\n\t\t<vertex lat=\"10.444656\" lon=\"48.522477\"/>\n\t\t<vertex lat=\"10.433871\" lon=\"48.224414\"/>\n\t\t<vertex lat=\"10.116326\" lon=\"47.910070\"/>\n\t\t<vertex lat=\"9.993204\" lon=\"47.874457\"/>\n\t\t<vertex lat=\"9.730905\" lon=\"48.218215\"/>\n\t\t<vertex lat=\"10.003551\" lon=\"48.619389\"/>\n\t\t<vertex lat=\"10.420023\" lon=\"48.530135\"/>\n\t\t<vertex lat=\"10.444656\" lon=\"48.522477\"/>\n\t</polygon>
8301131620;\t<polygon id=\"8301131620\" visited=\";\">\n\t\t<vertex lat=\"12.825591\" lon=\"51.233377\"/>\n\t\t<vertex lat=\"13.309838\" lon=\"51.237682\"/>\n\t\t<vertex lat=\"13.392878\" lon=\"50.792330\"/>\n\t\t<vertex lat=\"12.773129\" lon=\"50.726276\"/>\n\t\t<vertex lat=\"12.692184\" lon=\"50.917180\"/>\n\t\t<vertex lat=\"12.825591\" lon=\"51.233377\"/>\n\t</polygon>
8399785165;\t<polygon id=\"8399785165\" visited=\";\">\n\t\t<vertex lat=\"11.306628\" lon=\"49.545735\"/>\n\t\t<vertex lat=\"11.112583\" lon=\"49.445799\"/>\n\t\t<vertex lat=\"11.049722\" lon=\"49.522898\"/>\n\t\t<vertex lat=\"11.048778\" lon=\"49.526321\"/>\n\t\t<vertex lat=\"11.103066\" lon=\"49.580314\"/>\n\t\t<vertex lat=\"11.227150\" lon=\"49.700195\"/>\n\t\t<vertex lat=\"11.306628\" lon=\"49.545735\"/>\n\t</polygon>
8904315260;\t<polygon id=\"8904315260\" visited=\";\">\n\t\t<vertex lat=\"8.850099\" lon=\"52.506737\"/>\n\t\t<vertex lat=\"8.488588\" lon=\"52.570500\"/>\n\t\t<vertex lat=\"8.249448\" lon=\"52.797496\"/>\n\t\t<vertex lat=\"8.346709\" lon=\"53.183250\"/>\n\t\t<vertex lat=\"8.681199\" lon=\"53.291801\"/>\n\t\t<vertex lat=\"8.850342\" lon=\"52.880715\"/>\n\t\t<vertex lat=\"8.850099\" lon=\"52.506737\"/>\n\t</polygon>
9148327708;\t<polygon id=\"9148327708\" visited=\";\">\n\t\t<vertex lat=\"7.153103\" lon=\"51.541739\"/>\n\t\t<vertex lat=\"7.198308\" lon=\"51.667811\"/>\n\t\t<vertex lat=\"7.383998\" lon=\"51.447633\"/>\n\t\t<vertex lat=\"7.188639\" lon=\"51.411295\"/>\n\t\t<vertex lat=\"7.153103\" lon=\"51.541739\"/>\n\t</polygon>
9238856560;\t<polygon id=\"9238856560\" visited=\";\">\n\t\t<vertex lat=\"9.646243\" lon=\"49.328091\"/>\n\t\t<vertex lat=\"9.776886\" lon=\"48.997850\"/>\n\t\t<vertex lat=\"9.751174\" lon=\"48.841985\"/>\n\t\t<vertex lat=\"9.635821\" lon=\"48.738907\"/>\n\t\t<vertex lat=\"9.357591\" lon=\"48.817887\"/>\n\t\t<vertex lat=\"9.266535\" lon=\"48.970904\"/>\n\t\t<vertex lat=\"9.260378\" lon=\"48.985536\"/>\n\t\t<vertex lat=\"9.154838\" lon=\"49.310345\"/>\n\t\t<vertex lat=\"9.214889\" lon=\"49.404487\"/>\n\t\t<vertex lat=\"9.646243\" lon=\"49.328091\"/>\n\t</polygon>
9705534911;\t<polygon id=\"9705534911\" visited=\";\">\n\t\t<vertex lat=\"11.165504\" lon=\"52.084192\"/>\n\t\t<vertex lat=\"10.689489\" lon=\"51.561264\"/>\n\t\t<vertex lat=\"10.653172\" lon=\"51.546539\"/>\n\t\t<vertex lat=\"10.566238\" lon=\"51.532583\"/>\n\t\t<vertex lat=\"10.195893\" lon=\"51.880306\"/>\n\t\t<vertex lat=\"10.194050\" lon=\"52.273811\"/>\n\t\t<vertex lat=\"11.165504\" lon=\"52.084192\"/>\n\t</polygon>
9880475511;\t<polygon id=\"9880475511\" visited=\";\">\n\t\t<vertex lat=\"8.691176\" lon=\"48.146110\"/>\n\t\t<vertex lat=\"8.876045\" lon=\"47.885903\"/>\n\t\t<vertex lat=\"8.256001\" lon=\"46.806582\"/>\n\t\t<vertex lat=\"8.177315\" lon=\"48.219751\"/>\n\t\t<vertex lat=\"8.223304\" lon=\"48.342548\"/>\n\t\t<vertex lat=\"8.228539\" lon=\"48.345005\"/>\n\t\t<vertex lat=\"8.691176\" lon=\"48.146110\"/>\n\t</polygon>
10775346432;\t<polygon id=\"10775346432\" visited=\";\">\n\t\t<vertex lat=\"11.646868\" lon=\"51.432022\"/>\n\t\t<vertex lat=\"11.593488\" lon=\"50.973555\"/>\n\t\t<vertex lat=\"11.177712\" lon=\"51.209298\"/>\n\t\t<vertex lat=\"10.689489\" lon=\"51.561264\"/>\n\t\t<vertex lat=\"11.165504\" lon=\"52.084192\"/>\n\t\t<vertex lat=\"11.528642\" lon=\"52.430346\"/>\n\t\t<vertex lat=\"11.612133\" lon=\"52.325880\"/>\n\t\t<vertex lat=\"11.646868\" lon=\"51.432022\"/>\n\t</polygon>
10933802481;\t<polygon id=\"10933802481\" visited=\";\">\n\t\t<vertex lat=\"11.609065\" lon=\"46.458743\"/>\n\t\t<vertex lat=\"11.626366\" lon=\"46.425772\"/>\n\t\t<vertex lat=\"11.626366\" lon=\"46.425772\"/>\n\t\t<vertex lat=\"9.542379\" lon=\"46.425772\"/>\n\t\t<vertex lat=\"9.542379\" lon=\"46.425772\"/>\n\t\t<vertex lat=\"9.964980\" lon=\"47.837597\"/>\n\t\t<vertex lat=\"9.993204\" lon=\"47.874457\"/>\n\t\t<vertex lat=\"10.116326\" lon=\"47.910070\"/>\n\t\t<vertex lat=\"11.609065\" lon=\"46.458743\"/>\n\t</polygon>
10971390561;\t<polygon id=\"10971390561\" visited=\";\">\n\t\t<vertex lat=\"8.707540\" lon=\"51.856421\"/>\n\t\t<vertex lat=\"8.670480\" lon=\"51.729392\"/>\n\t\t<vertex lat=\"8.355734\" lon=\"51.675448\"/>\n\t\t<vertex lat=\"8.495285\" lon=\"51.856639\"/>\n\t\t<vertex lat=\"8.707540\" lon=\"51.856421\"/>\n\t</polygon>
11136523331;\t<polygon id=\"11136523331\" visited=\";\">\n\t\t<vertex lat=\"8.980371\" lon=\"49.790815\"/>\n\t\t<vertex lat=\"8.412640\" lon=\"49.878277\"/>\n\t\t<vertex lat=\"8.439129\" lon=\"49.963779\"/>\n\t\t<vertex lat=\"9.062455\" lon=\"49.806657\"/>\n\t\t<vertex lat=\"8.980371\" lon=\"49.790815\"/>\n\t</polygon>
11366879769;\t<polygon id=\"11366879769\" visited=\";\">\n\t\t<vertex lat=\"9.112980\" lon=\"50.522323\"/>\n\t\t<vertex lat=\"9.099239\" lon=\"50.282178\"/>\n\t\t<vertex lat=\"8.487345\" lon=\"50.272406\"/>\n\t\t<vertex lat=\"8.431938\" lon=\"50.452843\"/>\n\t\t<vertex lat=\"8.672947\" lon=\"50.510406\"/>\n\t\t<vertex lat=\"9.112980\" lon=\"50.522323\"/>\n\t</polygon>
11884830385;\t<polygon id=\"11884830385\" visited=\";\">\n\t\t<vertex lat=\"7.116175\" lon=\"51.357810\"/>\n\t\t<vertex lat=\"7.188639\" lon=\"51.411295\"/>\n\t\t<vertex lat=\"7.383998\" lon=\"51.447633\"/>\n\t\t<vertex lat=\"7.622557\" lon=\"51.390978\"/>\n\t\t<vertex lat=\"7.639184\" lon=\"50.985110\"/>\n\t\t<vertex lat=\"7.210601\" lon=\"51.050404\"/>\n\t\t<vertex lat=\"7.079612\" lon=\"51.149814\"/>\n\t\t<vertex lat=\"7.043443\" lon=\"51.254203\"/>\n\t\t<vertex lat=\"7.116175\" lon=\"51.357810\"/>\n\t</polygon>
